timestamp,open,high,low,close,volume
2023-12-15,108.56606107662559,109.02763100371351,108.15256737632674,108.68144989013672,13800900.0
2023-12-18,108.94735162521816,109.02470330781463,108.56060058889825,108.67662811279297,6977200.0
2023-12-19,108.98601558565703,109.6338192592931,108.9183347149288,109.51779174804688,5249400.0
2023-12-20,108.7346287646645,109.63382171111257,107.68073984309021,107.74842071533203,8329600.0
2023-12-21,108.51223804243882,108.90865242155022,108.01913039249261,108.86030578613281,6962100.0
2023-12-22,109.08270251090931,109.76918202805207,108.94734076818605,109.38243103027344,5500100.0
2023-12-26,109.46945006985176,110.41698223914915,109.30508329837427,110.15592956542969,5181600.0
2023-12-27,110.13658862175348,110.58134964628323,109.95288025502948,110.3202896118164,5893900.0
2023-12-28,110.19460822699757,110.58135922254306,110.0495756815853,110.34930419921875,8240700.0
2023-12-29,110.204272425821,110.61035762730894,109.74984058653922,110.21393585205078,7936300.0
2024-01-02,109.4791307449261,110.16561030240462,108.76363877516354,109.10204315185547,8558700.0
2024-01-03,108.50257548449883,108.6959472875399,107.41000340499866,107.47769165039062,18631200.0
2024-01-04,107.67106243319442,108.52190868583891,107.54537150007486,107.61305236816406,10715900.0
2024-01-05,107.53569641748462,108.23184667679011,107.35198804998426,107.73873901367188,7888100.0
2024-01-08,107.44868620619349,108.44457244873047,106.97492009436846,108.44457244873047,10855900.0
2024-01-09,107.70974858147115,108.2318613467183,107.31332676137787,108.10616302490234,8452000.0
2024-01-10,108.12550377988696,108.79264171633254,108.02881787078809,108.65727996826172,9109100.0
2024-01-11,108.68628570127709,108.84098167099688,107.5163619300873,108.40589141845703,9081700.0
2024-01-12,108.77329752079726,109.01501595973237,107.970790533134,108.3962173461914,6631000.0
2024-01-16,107.85478297105622,107.94179807841466,106.94591917422518,107.30366516113281,10834200.0
2024-01-17,106.53983825761082,107.26499368843767,106.30778320854924,106.5785140991211,7604700.0
2024-01-18,106.9749166761455,108.19317973000113,106.83955493423505,108.0191421508789,9060600.0
2024-01-19,108.27052822136379,109.0053469767998,107.41967458104205,108.7249526977539,10355700.0
2024-01-22,109.10203654934126,109.84653350967103,109.10203654934126,109.5661392211914,9912900.0
2024-01-23,109.59514611399668,109.95289208329632,109.00535249316685,109.4791259765625,10275200.0
2024-01-24,109.9238765654894,109.94321079433057,108.74428943632705,108.80229949951172,9638600.0
2024-01-25,109.34374861972273,109.86586132883828,109.06336172426673,109.84652709960938,9898900.0
2024-01-26,109.96256571471984,110.32997512047926,109.363101274801,109.67250061035156,7031100.0
2024-01-29,109.56614393570918,110.39765603341775,109.42111138347406,110.38798522949219,5849900.0
2024-01-30,109.60480220950711,110.58134670294999,109.60480220950711,110.42664337158203,8300000.0
2024-01-31,110.34929673227975,110.55233933145308,109.1310411372397,109.15037536621094,14462300.0
2024-02-01,109.8368434307229,111.03576467233111,109.237386498249,111.00675964355469,13946100.0
2024-02-02,110.77472195550325,112.23470334014756,110.349295157595,111.75126647949219,12830200.0
2024-02-05,111.30651740604904,111.538565058618,110.51368116449834,111.14214324951172,9536700.0
2024-02-06,111.27750650328868,112.19604107562249,111.0164538126927,112.13803100585938,8722800.0
2024-02-07,112.51510556910549,113.22091930469436,112.46675892895321,112.88251495361328,7557100.0
2024-02-08,113.15323708716309,113.22091795657343,112.43775255673071,112.90184783935547,8532300.0
2024-02-09,113.0565553568551,113.08556039100685,112.44742750968308,113.07588958740234,10106000.0
2024-02-12,113.00821747744303,113.54967187134982,112.90186075953254,113.24027252197266,8383200.0
2024-02-13,112.26372548542953,112.29273052122473,111.27751000841997,112.08001708984375,14054200.0
2024-02-14,112.94052904563176,114.00409615359408,112.81483810408253,113.95574951171875,11889500.0
2024-02-15,114.09111029024405,114.87427572068768,113.92674351191964,114.80659484863281,11644100.0
2024-02-16,114.54552106051722,114.92260118915958,113.9944033819891,114.1200942993164,8740900.0
2024-02-20,113.72369904072038,114.12978426642556,113.49164401746454,113.76237487792969,7392100.0
2024-02-21,113.7816914243854,114.26512824937402,113.46262134949438,114.21678161621094,8873000.0
2024-02-22,114.88394365353926,115.84114664201375,114.8065919797918,115.62843322753906,10604300.0
2024-02-23,115.88948894473995,116.48895332885344,115.79280304450522,116.23756408691406,8757400.0
2024-02-26,116.22788910101704,116.48894913658312,115.9378314107516,116.06352233886719,7951300.0
2024-02-27,116.31491575776639,116.3535842165312,115.75412720907906,116.23756408691406,6275500.0
2024-02-28,116.12153028550972,116.93370803210702,116.02484439051648,116.63397216796875,8324000.0
2024-02-29,116.99172973632812,117.2527824164549,116.42127773543619,116.99172973632812,9662100.0
2024-03-01,116.95304465278193,117.56217244269426,116.61464032505286,117.49449157714844,10782400.0
2024-03-04,117.49450266557953,118.25833386406018,117.49450266557953,117.91992950439453,11886600.0
2024-03-05,117.65886979406095,117.977932527457,116.45994102475336,116.95304870605469,11999000.0
2024-03-06,117.41716201949997,118.21966170405489,117.2914636986696,117.56218719482422,8644800.0
2024-03-07,118.31634804178142,118.6644231954432,118.02628295484274,118.50971984863281,7936800.0
2024-03-08,118.79010414153797,119.40890272341306,117.91991633056956,118.2486572265625,10157100.0
2024-03-11,117.88125244765251,118.1326417022311,116.81769273827474,117.63953399658203,9179300.0
2024-03-12,117.62986782797043,118.27767149134122,117.08841349406302,118.1616439819336,9125300.0
2024-03-13,117.977941995339,118.75144401331123,117.977941995339,118.48072052001953,8009300.0
2024-03-14,118.66443801618844,118.79012896867403,117.20445634913091,117.97795104980469,9684800.0
2024-03-15,117.50417621328313,118.47105005014274,117.44616614360338,117.99728393554688,10739900.0
2024-03-18,118.42012737725463,118.69168750439779,118.07097652822529,118.20675659179688,7178800.0
2024-03-19,118.25525110247044,119.2348136050131,118.18736107156897,119.22511291503906,8842400.0
2024-03-20,119.06993460953358,120.83508285892329,118.9438552343838,120.66051483154297,10400900.0
2024-03-21,121.22303525364669,122.1444084864993,121.0290658359193,121.85344696044922,9965100.0
2024-03-22,122.20260079425891,122.29958550547364,121.40731432316353,121.43640899658203,6771100.0
2024-03-25,121.4073089442956,121.49459296068405,120.57322714577592,120.65081787109375,7658200.0
2024-03-26,120.65082064729494,120.97087684700145,120.16588970208834,120.2143783569336,7292700.0
2024-03-27,120.99027871642497,122.15411010100759,120.92238867564865,122.14441680908203,7162900.0
2024-03-28,122.29958317358947,122.48385930100527,121.9310383182169,122.16380310058594,7287000.0
2024-04-01,122.28987664130996,122.35777407402743,121.145446766221,121.22303009033203,6905300.0
2024-04-02,120.73809815500358,121.13574506037058,120.40834868178484,120.66051483154297,11049400.0
2024-04-03,120.57323229152294,121.62068492963978,120.57323229152294,121.28123474121094,7589900.0
2024-04-04,122.07651881011579,122.5808437373687,119.85553419313446,120.2143783569336,10659800.0
2024-04-05,120.60232048602603,122.20259403060426,120.54413114240968,121.88253784179688,10718600.0
2024-04-08,122.0571204399643,122.26079055404088,121.58189017378562,121.66917419433594,6096100.0
2024-04-09,121.83404448478468,122.16379395182454,120.001006237053,121.38790893554688,9042200.0
2024-04-10,119.88463672657547,120.71871859897695,119.46759579037472,120.35016632080078,14119500.0
2024-04-11,120.40834830320365,120.98056323415184,119.48697512021681,120.4859390258789,8228700.0
2024-04-12,119.72944927142314,120.1561908776602,118.6916973285405,119.19602966308594,11604300.0
2024-04-15,120.82539602556245,120.9999714617314,117.98370039203715,118.34254455566406,10374500.0
2024-04-16,118.3037484224487,118.63349789052069,117.46966666273215,118.07097625732422,11046200.0
2024-04-17,118.73049292714661,118.75958760045494,116.73257976574453,117.45997619628906,11084200.0
2024-04-18,118.0224894012067,118.50742032007176,116.87805213670678,117.05262756347656,9195800.0
2024-04-19,117.3047934828806,117.95460657746233,116.54830238713073,116.83926391601562,10832100.0
2024-04-22,117.54725684109412,118.5074254294543,116.99443586573173,117.72183227539062,10484900.0
2024-04-23,118.55590616737082,119.525767982155,118.38133074473133,119.36089324951172,9870000.0
2024-04-24,119.25422875753449,119.46759957809414,117.4211901983044,118.41044616699219,11063800.0
2024-04-25,117.75094412040148,119.05055559511676,116.96535090113524,118.76929473876953,10321200.0
2024-04-26,118.46862522573151,119.32210098105321,118.44922384523635,118.9632568359375,6958100.0
2024-04-29,119.20571636720086,119.86521528206374,119.16692100759865,119.75853729248047,6339800.0
2024-04-30,119.58396523370716,119.75854065709268,117.80911632919738,117.85760498046875,15475900.0
2024-05-01,117.67334341854259,119.1475302171519,117.27569649687322,117.56665802001953,15569500.0
2024-05-02,118.12917337950898,118.47832422886387,116.92653938752727,118.24555206298828,11999600.0
2024-05-03,119.36089253274483,119.49667259404258,118.5171100951445,119.06993103027344,9068500.0
2024-05-06,119.85553446860342,120.36956008779039,119.74884906845605,120.27257537841797,7157300.0
2024-05-07,120.49564766144769,120.95148396589123,120.2919775380822,120.60233306884766,5244200.0
2024-05-08,119.88463729135118,120.76720782593503,119.86523590848236,120.60233306884766,5062500.0
2024-05-09,120.83509261240961,121.8049545288086,120.6993125360705,121.8049545288086,6682000.0
2024-05-10,122.33837801237522,122.41596873931836,121.65947765027018,121.89224243164062,6038500.0
2024-05-13,122.16379770556186,122.29957777256904,121.31032194159407,121.37821197509766,5946900.0
2024-05-14,121.61098054559744,121.82435134311852,121.08725424244362,121.34912109375,5105700.0
2024-05-15,121.9892353447593,122.23170083316896,121.77586453104526,122.14441680908203,8404100.0
2024-05-16,121.9310330432015,122.1637978155006,121.36851139397484,121.41700744628906,7135900.0
2024-05-17,121.51399241871675,121.69826853856564,120.95147076825289,121.55278778076172,5714100.0
2024-05-20,121.58189810993372,122.23170385908769,121.46551200881046,121.78556823730469,4337600.0
2024-05-21,121.56247695965612,121.58187833975168,121.07754604968565,121.38790893554688,6010000.0
2024-05-22,121.2036443614288,121.84374937581421,120.87388746353514,121.53339385986328,7910500.0
2024-05-23,121.82436029150291,121.89225033211373,119.87493569759322,120.09800720214844,9078200.0
2024-05-24,120.55383321194526,120.97087411137036,120.05920158717159,120.7090072631836,7556800.0
2024-05-28,120.6605233205227,120.6605233205227,118.83717820093419,119.23482513427734,8525400.0
2024-05-29,118.2261565494797,118.31344056095756,117.45026413887048,117.54724884033203,16725400.0
2024-05-30,117.70244343370523,118.43954056619759,117.67334875996171,118.35224914550781,7816300.0
2024-05-31,118.63350542217583,119.8361320871693,117.67334422831986,119.78764343261719,9703500.0
2024-06-03,120.17558264842478,120.22407130014531,117.22720180363461,118.3231430053711,15241000.0
2024-06-04,118.08068446954894,118.54622142999575,117.36298874667493,118.03218841552734,10061500.0
2024-06-05,118.47832257512292,119.24450689552873,117.78002088616016,119.22511291503906,8666000.0
2024-06-06,119.08934272589997,119.380296854116,118.05159079639887,118.51712036132812,6523900.0
2024-06-07,118.21646974882704,119.42879715817956,117.91581491913458,118.6432113647461,7036200.0
2024-06-10,118.46863658238135,119.17663164969368,118.41043983477562,119.01175689697266,6642600.0
2024-06-11,118.37165822133655,118.48803692387476,117.54726961457237,118.3328628540039,11217000.0
2024-06-12,119.42879106975975,120.15618747828897,118.93415944011139,119.4578857421875,11106700.0
2024-06-13,119.29301320630893,119.36090324304959,117.6830389072314,118.69169616699219,8056100.0
2024-06-14,117.67333946621844,117.67333946621844,116.05367196043615,117.49876403808594,15315800.0
2024-06-17,117.09142643279031,118.99235480375508,116.90715031027422,118.79837799072266,12522100.0
2024-06-18,118.76927717062665,119.44818488190872,118.54621309650965,119.43848419189453,8176500.0
2024-06-20,119.30270435032119,119.83612391075312,119.04083751566286,119.51607513427734,6350700.0
2024-06-21,119.4966807938994,119.56457082920689,118.24555808655384,119.263916015625,8231000.0
2024-06-24,119.58603351778696,120.88038285943948,119.3232744981815,119.77094268798828,8650600.0
2024-06-25,119.67363826151191,119.67363826151191,118.19437958335702,118.74909973144531,11365300.0
2024-06-26,118.59337387093457,118.61283447618206,117.96079653965982,118.42793273925781,7350500.0
2024-06-27,118.5447169732344,118.77828879680717,118.12624340376448,118.55445098876953,4804100.0
2024-06-28,118.88534596048059,119.6638964655831,118.02893075252553,118.60311889648438,9796400.0
2024-07-01,119.15782524946331,119.40112364637915,117.0654575510115,117.32821655273438,10008500.0
2024-07-02,117.15305632903677,118.00947154716415,117.06547245893489,117.97054290771484,6789000.0
2024-07-03,118.10678161168599,118.82694283160846,117.90241183677063,118.39874267578125,5467700.0
2024-07-05,118.36954846853246,118.36954846853246,117.02654381948558,117.97054290771484,6367100.0
2024-07-08,118.3014254994206,118.93400289850462,117.75643939553471,118.11652374267578,7405600.0
2024-07-09,118.17490374449159,118.35981291164939,117.57152101605121,117.60071563720703,4617900.0
2024-07-10,117.76616915857865,118.69070018355023,117.52287073886207,118.65177154541016,6930900.0
2024-07-11,118.9631934206367,120.58843250991494,118.7880182611585,120.16022491455078,11113900.0
2024-07-12,120.8511962890625,121.56163097068313,120.549508612217,120.8511962890625,10565200.0
2024-07-15,121.21127349564269,122.29151905377199,120.94850704913642,121.71733093261719,9680800.0
2024-07-16,122.07740270401469,124.87046347299155,122.06766868943606,124.7536849975586,15501400.0
2024-07-17,124.20870495466565,124.47147140249382,123.12845939110193,123.15766143798828,14511200.0
2024-07-18,123.14793170144154,124.38388443361993,122.01902344538557,122.19419860839844,9267900.0
2024-07-19,122.46668139241663,122.71971381220142,121.25018936924874,121.52268981933594,9955300.0
2024-07-22,122.09687213747782,122.84623539179024,121.14314653637967,122.7586441040039,8334900.0
2024-07-23,122.14554050908627,123.19658403759547,122.07741724867478,122.52508544921875,9432900.0
2024-07-24,121.92171247345978,122.1650109122797,119.77095516527714,119.88774108886719,11370800.0
2024-07-25,120.0434437205445,122.7197264470559,119.73202202754561,120.8511962890625,14738900.0
2024-07-26,122.2331276286602,123.78050947758025,122.02875784198748,122.91436767578125,10620800.0
2024-07-29,123.30363165467075,123.30363165467075,122.31097740530215,122.70025634765625,8946500.0
2024-07-30,123.22578945390927,123.92648268378011,122.56401743829899,123.06034088134766,7811200.0
2024-07-31,124.49093013669244,125.61011174594029,123.87782080911113,124.43254089355469,10947600.0
2024-08-01,124.12112580628785,125.11378011667858,121.3864538760549,122.1260757446289,17283200.0
2024-08-02,120.80252097067553,121.01662475433473,118.31114768782963,119.44005584716797,16916300.0
2024-08-05,117.15305318363842,118.57391507343576,115.975489715208,117.36715698242188,20012000.0
2024-08-06,118.05812871997483,120.46191841514334,117.54233723232406,118.7782974243164,13732600.0
2024-08-07,119.89745645923851,120.89985217026029,118.13597830300128,118.2041015625,8307700.0
2024-08-08,119.07996967363758,121.0166228616585,119.06050164367592,120.92903900146484,7976800.0
2024-08-09,120.77334167546961,121.1918152807564,119.702830046211,120.94851684570312,5891400.0
2024-08-12,120.95823915243861,121.14314832113983,119.94611686961227,120.33539581298828,5733400.0
2024-08-13,120.8998469898321,121.69786546328505,120.03369783492131,121.60054016113281,7808300.0
2024-08-14,121.56163357929131,122.31098949184835,121.4935028896344,122.09688568115234,5506400.0
2024-08-15,123.25498031138103,124.09192746510844,122.91436401041719,123.7415771484375,5717400.0
2024-08-16,123.58585159601444,123.9167412766965,123.02140495817909,123.56639099121094,5448600.0
2024-08-19,123.67345378800769,124.35468638938323,123.53720726773258,124.31575775146484,3482900.0
2024-08-20,124.25737049337823,124.42281163851722,123.60533250379854,123.97514343261719,6443300.0
2024-08-21,124.26710035700522,124.93860635585705,124.12111982357503,124.72450256347656,4989200.0
2024-08-22,124.9386126103418,125.22083225092229,124.17951528347976,124.56879425048828,6355600.0
2024-08-23,124.9970044771135,126.10644473017484,124.75370604574253,125.81448364257812,5888000.0
2024-08-26,126.08696219195853,126.51516975786922,125.41545622266733,125.67822265625,6226600.0
2024-08-27,125.49332180584878,125.82420409242101,125.06511421157549,125.75608825683594,4000900.0
2024-08-28,125.81447899130664,126.46651698130454,125.06511569245528,125.69770050048828,4336300.0
2024-08-29,126.28161046438325,127.68301178275217,125.63931390159544,126.58331298828125,8226000.0
2024-08-30,127.03095740076387,128.06254022440513,126.11615305534445,127.93603515625,8347900.0
2024-09-03,127.30346980206197,127.50784701982812,124.62718703706263,125.10405731201172,9332600.0
2024-09-04,125.02619032120347,125.98965738768794,124.75369728518385,125.23055267333984,7809700.0
2024-09-05,124.96779865393006,125.11377175976769,123.0798006197292,123.77076721191406,8044500.0
2024-09-06,123.926485908536,124.83156379853794,122.27205953889896,122.5153579711914,9567300.0
2024-09-09,123.55666098686636,124.88993891795619,123.51773235111797,124.39360809326172,7283100.0
2024-09-10,124.88021968315984,124.88021968315984,123.56640228012094,124.60771179199219,6270200.0
2024-09-11,124.30602514897942,124.98725029253117,121.7562551752253,124.83155059814453,7969700.0
2024-09-12,124.8607557833425,125.80475486866519,124.16978171634312,125.79501342773438,7012600.0
2024-09-13,126.34001286935755,127.54676354976357,126.086973004299,127.06990814208984,7913800.0
2024-09-16,127.62460615910493,128.49074785587462,126.95310020940882,127.72193145751953,6400800.0
2024-09-17,127.97497754139015,128.88004059687884,127.70248448061346,128.4226531982422,7820700.0
2024-09-18,128.6270118017647,130.08680237735373,128.1209469109617,128.3155975341797,9191600.0
2024-09-19,130.41768259591188,130.76803292245242,129.4055676802156,130.5247344970703,8957800.0
2024-09-20,129.5126291077392,129.88244749344454,128.88978568693776,129.6099395751953,10907500.0
2024-09-23,130.10882415036284,130.6848838700346,129.62064754255243,130.47984313964844,8284000.0
2024-09-24,130.84111545708652,131.45622287436495,130.53844828286086,131.41717529296875,7507900.0
2024-09-25,131.81746394432088,131.95415282105643,130.7044216914829,130.80206298828125,4422400.0
2024-09-26,131.8662891786472,132.26659765228365,131.29024424222646,131.4562225341797,6620700.0
2024-09-27,131.85652256110274,132.4911462777977,131.43668287472826,131.6417236328125,5859200.0
2024-09-30,131.64171333738855,132.36422012131086,130.8703859103148,132.23728942871094,5321200.0
2024-10-01,132.16895991853335,132.94028747615562,131.1144964194615,132.30564880371094,9398600.0
2024-10-02,132.06155395507812,132.5692618884908,131.50504027062055,132.06155395507812,5189700.0
2024-10-03,131.68080309233613,132.0615803941356,130.89973214360023,131.38790893554688,6361400.0
2024-10-04,132.4228213466997,132.70595728814928,131.09498007727265,132.30564880371094,5797100.0
2024-10-07,131.65148763651678,132.53021462699607,131.32928922980474,131.9834442138672,5737800.0
2024-10-08,132.49115086443717,132.6864185611055,131.76865889696734,132.27635192871094,4980600.0
2024-10-09,132.28612731458148,133.5456166434304,132.10061778520725,133.45774841308594,5064800.0
2024-10-10,132.9305124760739,133.14531142079997,132.32517812164812,132.77430725097656,5495600.0
2024-10-11,133.26246537729293,135.19564071225602,133.26246537729293,135.14682006835938,8764800.0
2024-10-14,135.11753464996636,136.02555097974636,134.59031041503903,135.9571990966797,6817400.0
2024-10-15,136.1036584472605,136.4649193370655,134.7953484624819,134.91250610351562,7808900.0
2024-10-16,135.1272928198462,136.25010807073676,135.06871400462862,135.9571990966797,8207800.0
2024-10-17,135.9767475646568,136.1720152727817,135.32259254855418,135.56668090820312,5065100.0
2024-10-18,135.91815153145683,136.03530916190252,135.15658223965198,135.9767303466797,4782100.0
2024-10-21,135.95720881583748,136.1524765131782,134.95156602146102,135.49832153320312,5216700.0
2024-10-22,134.90275317925176,135.01015265369975,133.16484524579977,133.85806274414062,8579700.0
2024-10-23,133.7213754705535,134.28764736304723,132.7840696006182,133.46751403808594,8480700.0
2024-10-24,133.26246174067506,133.26246174067506,132.16893595951294,132.54971313476562,6720400.0
2024-10-25,133.1550792300191,133.5163252146204,131.92486443191464,132.1982421875,6399300.0
2024-10-28,132.86215335561923,133.17457865175115,132.54971316151887,132.58877563476562,7132200.0
2024-10-29,132.1884982888686,132.93052157728965,131.40741251802058,132.41305541992188,11192300.0
2024-10-30,131.82723059827023,132.90121032094257,131.60265860615544,132.1884765625,10469000.0
2024-10-31,131.14377796112032,131.4854926657544,130.25529291272827,130.6653594970703,16640000.0
2024-11-01,131.329271600559,132.04202020668586,130.81180556474925,130.84109497070312,7482300.0
2024-11-04,130.97780757239136,131.69055630771217,130.33342562663591,130.69467163085938,6744400.0
2024-11-05,131.15354898517327,132.9109880174387,130.8215924174037,132.88169860839844,7469400.0
2024-11-06,137.3436395746873,138.32975120705322,135.8791093831492,138.08566284179688,17738800.0
2024-11-07,138.4762096172801,138.5347884397654,137.07025828574803,137.25576782226562,10062400.0
2024-11-08,137.65609205776477,139.15966996616137,137.3924724284452,138.73007202148438,8270000.0
2024-11-11,139.51113762937715,140.32151274435734,139.481848219026,139.80404663085938,8237000.0
2024-11-12,140.1359858070213,140.2726746710053,138.03683220341676,138.60311889648438,7161100.0
2024-11-13,138.74957956337306,139.67711229568584,138.7105319832418,138.89602661132812,6033400.0
2024-11-14,138.7593488648486,138.94485840578633,136.40634835045356,136.55279541015625,9977100.0
2024-11-15,136.0743573640452,136.89450547483779,135.46902307333795,135.8205108642578,6628500.0
2024-11-18,135.8009880524732,136.19153834326625,135.30305319192863,135.635009765625,6414200.0
2024-11-19,134.79536109265473,135.86935589599798,134.5610457886322,135.5178680419922,5554700.0
2024-11-20,135.84005800564583,135.98650506152057,134.66842196676328,135.664306640625,6527600.0
2024-11-21,136.31846905659756,137.8415781122958,135.79124472884507,137.36317443847656,9677300.0
2024-11-22,137.72441132687936,139.31587217212746,137.5974806146657,139.2768096923828,7924300.0
2024-11-25,139.98956198286936,140.52654446028347,139.54043284219122,140.14576721191406,7411700.0
2024-11-26,139.97976562138436,140.5655835512299,139.45254140289842,140.31173706054688,6524900.0
2024-11-27,140.74134505223108,141.09283289313166,139.7552334226355,139.79428100585938,5561100.0
2024-11-29,140.00906896656053,140.84873347068117,140.00906896656053,140.5851287841797,3091500.0
2024-12-02,140.4972501595939,140.70229093141364,139.36469152306776,139.55018615722656,6217500.0
2024-12-03,139.59899570158203,139.83332586530938,138.21257575329363,138.6714630126953,4528000.0
2024-12-04,138.6910065779516,139.28658276130443,138.3102293392815,139.2768096923828,5727700.0
2024-12-05,139.2768100310959,139.3939825726438,137.55843336742606,137.5877227783203,5233900.0
2024-12-06,137.99777571699883,138.3102159327872,137.0116642196096,137.23622131347656,5432800.0
2024-12-09,137.26553156624328,137.42175169786063,135.966979655871,136.0450897216797,7434200.0
2024-12-10,135.8790977932965,136.22082743469605,134.9222756545361,135.71311950683594,7382800.0
2024-12-11,136.41608103399463,136.62110687927165,135.34208647026682,135.40066528320312,6168900.0
2024-12-12,135.46904416898622,135.6643118836895,134.4634012851911,134.53173828125,7081600.0
2024-12-13,134.68796005800513,134.83442201930103,134.0435631834356,134.1802520751953,6709900.0
2024-12-16,134.326713729004,134.79535922854006,133.86782640100995,134.29742431640625,6573400.0
2024-12-17,133.721354268208,134.024021406956,132.75475913978164,133.0671844482422,6861700.0
2024-12-18,133.25271958458026,133.55538678153462,129.22038981842263,129.30825805664062,13428100.0
2024-12-19,129.9331321996979,130.88019633487494,129.09346755092153,129.1422882080078,12507400.0
2024-12-20,129.0153428647862,131.62220475979098,128.6931444420816,130.65562438964844,11849600.0
2024-12-23,130.49860523583467,130.82242489820862,129.5369535210508,130.62615966796875,8022300.0
2024-12-24,130.4888110358848,131.70558684938737,130.2434944182951,131.64671325683594,2972900.0
2024-12-26,131.34251940823842,132.0686469935083,131.00887743812606,131.7448272705078,4749500.0
2024-12-27,130.98923656298138,131.74480079185486,130.00797031702493,130.76353454589844,6060000.0
2024-12-30,129.34072952422036,130.05704984664123,128.19264956430595,129.44866943359375,8725500.0
2024-12-31,129.85097020876458,130.0472204725649,128.89914070775095,129.29164123535156,6009800.0
2025-01-02,130.24349007367798,130.4593698877907,128.26134265018848,128.8402862548828,7227600.0
2025-01-03,129.29165079768075,130.50842647993122,128.86971344795063,130.23367309570312,7676100.0
2025-01-06,130.9009262453446,131.31307129213207,129.71360233630767,129.9490966796875,6899500.0
2025-01-07,130.2434858293332,130.66543816968945,129.37998157395955,129.82154846191406,6841200.0
2025-01-08,129.57623826483652,130.45937208439463,128.79122210693052,130.33181762695312,8277600.0
2025-01-10,129.6547212361496,129.77246840101535,128.59495183355165,128.8697052001953,9997300.0
2025-01-13,128.14357322204654,130.45936248230637,128.00619652749455,130.380859375,8365400.0
2025-01-14,131.30324517488683,132.1176980252492,130.714494360858,131.92144775390625,6746700.0
2025-01-15,133.87415138304772,134.08022388992327,132.51019185287052,132.75550842285156,9184200.0
2025-01-16,133.1186246415201,134.56108767733684,132.97142567428895,134.3648223876953,6556500.0
2025-01-17,135.22830717641514,135.66987401933937,134.63955637682804,135.16943359375,6869200.0
2025-01-21,136.35676460017652,137.9464111328125,136.35676460017652,137.9464111328125,12177700.0
2025-01-22,138.37816830279237,138.525352248497,137.56371553304626,137.62258911132812,7206000.0
2025-01-23,138.49592128366413,139.24167826148715,137.92678504811428,139.0159912109375,7353400.0
2025-01-24,138.94733135841662,138.9963827011717,138.15249297924893,138.42726135253906,6457700.0
2025-01-27,136.32733050060074,136.89646679572508,135.90539314571387,136.57264709472656,10909300.0
2025-01-28,136.8964589994075,137.01422113947825,135.2675682866099,135.6698760986328,8900000.0
2025-01-29,135.75818559306967,136.62168967277864,135.13017582012947,135.2086639404297,9100900.0
2025-01-30,135.01243971499656,136.97497250529386,135.01243971499656,136.7198486328125,8169600.0
2025-01-31,136.6805870455024,137.1221688934412,135.60120301471235,135.75820922851562,10144700.0
2025-02-03,133.38353144525345,135.38532323927782,132.7947806027861,134.4138641357422,13906700.0
2025-02-04,134.54143538162785,135.16944527254287,134.15874208830363,134.453125,7577200.0
2025-02-05,134.92412502325763,135.1596343408281,133.609231689263,134.55123901367188,8179200.0
2025-02-06,134.81617300674628,135.2969988720504,134.22740725220794,135.1596221923828,7368300.0
2025-02-07,135.77781937070202,135.94463285260508,134.48255558118694,134.75730895996094,10408900.0
2025-02-10,135.63063694842066,136.01333022841166,135.0516933917818,135.96426391601562,5446400.0
2025-02-11,135.51289570834416,136.08201704365214,135.12038016493196,136.01333618164062,5787700.0
2025-02-12,134.07042012283893,135.6502594737414,133.8545403377763,135.16943359375,7694300.0
2025-02-13,135.15962451698127,135.66006493589128,134.73767222528681,135.3068084716797,8539100.0
2025-02-14,135.4932755962198,135.6600890989017,134.81619933813928,134.97320556640625,5800000.0
2025-02-18,135.43440110319762,136.28809813269774,135.2970243976121,136.03297424316406,7226600.0
2025-02-19,135.6993456517554,136.47455461704462,135.48348078420463,136.1703643798828,9454100.0
2025-02-20,136.01330865921273,136.0329381756455,134.30590007997364,135.27735900878906,9306700.0
2025-02-21,135.41475481035488,135.41475481035488,131.79387962301692,132.31394958496094,14561200.0
2025-02-24,132.82421357310596,133.0597228870761,131.53875705184177,131.7153778076172,10876100.0
2025-02-25,131.72520211407337,132.86345971705842,130.9892523409591,132.3924560546875,9898500.0
2025-02-26,133.06952029292782,133.8054699999591,132.29432652294636,132.470947265625,8330400.0
2025-02-27,132.77512151323026,133.87413481943034,131.83311438589686,132.00973510742188,9624600.0
2025-02-28,132.3728280502027,133.9036161730694,131.72520362188075,133.7760467529297,9888000.0
2025-03-03,134.5512282548448,135.06149091564487,131.1658625649997,131.87237548828125,12683000.0
2025-03-04,130.4201262983902,131.48970312583413,128.33983126136897,129.30148315429688,15191300.0
2025-03-05,129.76265945499958,131.88218325992932,129.62528277344916,131.34249877929688,12117600.0
2025-03-06,129.9883479775691,131.09718368806827,129.2720277708878,130.2140350341797,12029100.0
2025-03-07,129.47810012595713,132.07846510266708,129.0659700294877,131.73501586914062,17504500.0
2025-03-10,130.0570402154598,131.5681988347806,128.6440291968529,129.67434692382812,15123900.0
2025-03-11,129.37997461789107,129.54678810113023,126.99548959443835,127.682373046875,13176800.0
2025-03-12,128.8500859360769,129.0267216703683,126.5735557208643,127.67256927490234,12728100.0
2025-03-13,127.36836558123971,127.95711636290231,125.85720713180865,126.36746978759766,10596900.0
2025-03-14,127.57443341493777,128.91877850279644,127.04455617136446,128.6734619140625,8920000.0
2025-03-17,128.48703672025468,131.04814286054358,128.34966001043964,130.44956970214844,6918300.0
2025-03-18,129.90004173500927,130.0962920066914,128.67345882082594,129.40940856933594,8051800.0
2025-03-19,129.83133875854932,131.8723744121587,129.67433256067125,131.12661743164062,8274900.0
2025-03-20,130.0864839780089,131.4308140528056,129.8411673965972,130.46917724609375,8078300.0
2025-03-21,129.34071660193214,129.9294824074982,128.52626372583825,129.77247619628906,10036500.0
2025-03-24,131.33253431853663,132.4054114322781,131.0077349840119,132.17901611328125,8446800.0
2025-03-25,132.444792099133,132.81882352462287,131.736108881852,132.3759002685547,5337100.0
2025-03-26,132.5825620602137,133.25188051774305,131.106141513844,131.49986267089844,6899300.0
2025-03-27,131.4605068104025,131.90343005059725,130.1907915193204,130.80104064941406,8414000.0
2025-03-28,130.36795904209947,130.7124632506231,128.0352188874265,128.10411071777344,10196800.0
2025-03-31,127.110004577475,129.77741179005594,126.40132129660225,129.00967407226562,9650200.0
2025-04-01,128.71437664779484,130.0136192136039,127.61197217679303,129.73802185058594,8722200.0
2025-04-02,128.26160751558515,131.4113025529284,128.2123904799064,130.9585418701172,6398000.0
2025-04-03,126.56862287527032,127.67102722187965,123.78311483382106,123.87169647216797,15962200.0
2025-04-04,120.32829085393844,120.75153176836358,115.93840073496318,116.08604431152344,28516400.0
2025-04-07,112.84777384411261,119.88538173280782,110.97763917649593,115.5447006225586,42518300.0
2025-04-08,119.13732189969129,119.75741595957781,112.83792470719393,114.5899429321289,21272000.0
2025-04-09,113.41865622371704,125.54499284921613,113.41865622371704,124.76741027832031,36610700.0
2025-04-10,122.50355858926835,123.01538868991662,118.02508651065236,121.5488052368164,26234000.0
2025-04-11,121.27320506192189,124.33431815797253,120.0723815953728,123.69453430175781,13750300.0
2025-04-14,125.190645768619,125.8107398127573,123.94060526271105,124.98394775390625,8060500.0
2025-04-15,124.77724185337395,125.8008945251482,124.17683762738001,124.36384582519531,6230200.0
2025-04-16,123.76343063749206,124.44258660017312,121.69644304479056,122.66104125976562,8043500.0
2025-04-17,122.74963096201589,124.50164920334016,122.71025883744552,123.33036041259766,7850400.0
2025-04-21,122.13936142975896,122.39527645777694,119.2357370110997,120.56451416015625,9083500.0
2025-04-22,121.54881150351787,123.21224815218949,121.18463248064788,122.67089080810547,7493200.0
2025-04-23,126.01744013636906,127.10015477060396,123.84218097848178,124.20636749267578,9718300.0
2025-04-24,124.15714949938527,127.22810004700189,123.78312558920408,126.99188232421875,7145400.0
2025-04-25,126.68676061572775,127.4643356690088,126.08634885853739,126.9820327758789,5826900.0
2025-04-28,127.19859077016768,128.25177832920264,126.20447266908843,127.4052963256836,6202200.0
2025-04-29,127.0214100321051,128.48797846316876,126.91313856909983,128.23207092285156,5040600.0
2025-04-30,127.37575735522613,129.52148187611792,125.84027449706228,129.1573028564453,7532300.0
2025-05-01,129.70849591805893,131.0668079484678,129.18682840297467,130.13174438476562,9338700.0
2025-05-02,131.78532156003155,132.9861450263615,131.59830585346603,132.4644775390625,7227600.0
2025-05-05,131.65734671891167,133.3207830714951,131.5687650835372,132.53335571289062,4523400.0
2025-05-06,131.14553741803164,132.11996548747788,130.86994008334702,131.37191772460938,5404100.0
2025-05-07,131.76563189666092,132.62196618461584,131.32270865471418,132.04122924804688,5304600.0
2025-05-08,133.064902441131,135.1909522331313,132.8188322805457,133.86216735839844,7914800.0
2025-05-09,134.1279169619326,134.4133517178028,133.07472954700805,133.97042846679688,4541200.0
2025-05-12,138.10441137399337,138.14379100939004,136.79531634726558,138.09457397460938,8321800.0
2025-05-13,138.53750602391682,139.94502019041914,138.38001751021645,139.05917358398438,9795200.0
2025-05-14,138.97056870268125,139.1969490164613,137.9961255833047,138.3898468017578,6517700.0
2025-05-15,138.78355446913133,140.1418664040354,138.58670136728713,139.92532348632812,5761900.0
2025-05-16,140.1418649668635,141.5198516845703,139.67925192186289,141.5198516845703,5384200.0
2025-05-19,140.1517144090277,142.12027561430594,140.1517144090277,142.00216674804688,5459200.0
2025-05-20,141.43127149907144,142.1891717110801,140.93913123497495,141.49032592773438,6825700.0
2025-05-21,140.73243563736952,141.13599428692248,138.89183572594362,139.09854125976562,9600200.0
2025-05-22,138.84260467606066,139.92531923167545,138.32093721351768,139.06898498535156,8993200.0
2025-05-23,137.49414701426429,139.11820385019297,137.43509258662013,138.61622619628906,8233100.0
2025-05-27,140.2501335195285,141.17534457143648,139.4725435157708,141.05723571777344,11862100.0
2025-05-28,141.27378740691196,141.52969494539235,140.16154556938014,140.35841369628906,9058300.0
2025-05-29,140.9391343037342,141.03755334733904,139.4922406942721,140.48635864257812,12106600.0
2025-05-30,140.348555838491,141.06709143221246,139.33474810371015,140.574951171875,14254700.0
2025-06-02,140.3879439730821,140.45683580385906,138.62607332375904,140.3977813720703,12641300.0
2025-06-03,140.3682422414113,141.5690656489532,140.3091878146352,141.48048400878906,10896800.0
2025-06-04,141.824994839022,142.29746036326992,141.54939745934277,141.5592498779297,7975800.0
2025-06-05,142.00215747076805,142.08090171610627,140.91944287102885,141.46080017089844,13814300.0
2025-06-06,142.72068602542058,143.2718807546279,142.19901851249722,142.6517791748047,11289200.0
2025-06-09,143.0257966163835,143.23250212908255,142.23836921499594,142.52381896972656,9162800.0
2025-06-10,142.79941589524555,142.79941589524555,141.155669272267,141.90371704101562,15625600.0
2025-06-11,142.03169542494766,142.41556426316657,140.59463912198981,141.97264099121094,15837000.0
2025-06-12,140.87021409169765,141.71669588482527,140.71274063308365,141.5985870361328,13097400.0
2025-06-13,140.5946237312072,141.65764847889034,139.98437462415762,140.40760803222656,14060500.0
2025-06-16,141.24424637541358,142.25805405032216,141.07692049905205,141.37220764160156,13711000.0
2025-06-17,140.8505614413975,141.3230119293761,140.11235098314893,140.3092041015625,12654200.0
2025-06-18,140.44699881446132,141.40175218164316,139.88595167297248,139.97454833984375,14008800.0
2025-06-20,140.83084951661462,141.16550126727796,139.6595533703651,140.1320037841797,13985200.0
2025-06-23,140.3906741491325,142.10854017902707,139.48238184304188,142.02955627441406,15902400.0
2025-06-24,142.7897880787662,143.45126144754872,141.99009661896412,143.2143096923828,11518200.0
2025-06-25,143.31303822127623,143.39202213683467,141.63467144342334,141.95059204101562,9751600.0
2025-06-26,142.57257816090507,143.65857308306437,142.26652490952705,143.49073791503906,9728300.0
2025-06-27,143.90539356461156,145.5541432408678,143.5795905654029,144.9222869873047,13380900.0
2025-06-30,145.18885164035797,145.85032495985502,144.71496322997697,145.64300537109375,10914600.0
2025-07-01,145.28759414428094,146.4723227746967,145.0407750519176,146.12677001953125,13189100.0
2025-07-02,145.90955410155777,146.2748565673828,145.42579836801934,146.2748565673828,11061700.0
2025-07-03,146.77837208854146,147.63729768616372,146.65990374808086,147.51882934570312,4864900.0
2025-07-07,147.499070269117,147.91373956377768,145.98853876524333,147.00543212890625,10687700.0
2025-07-08,147.0153397358027,147.41024428981328,146.2551326514571,146.96597290039062,10845500.0
2025-07-09,147.9631044717445,148.13093964657045,147.00544518948195,147.9927215576172,10173600.0
2025-07-10,148.1605482306952,149.3353942676062,148.10129900373212,148.822021484375,12385600.0
2025-07-11,148.08157507014545,148.6936815447539,147.71627260157928,148.2888946533203,7065200.0
2025-07-14,148.27903377578954,149.21694327233047,147.99271520512093,149.08859252929688,9069900.0
2025-07-15,149.55262514767696,149.55262514767696,147.95324219722073,147.97299194335938,10278700.0
2025-07-16,148.3876300841152,148.60483207408794,146.50192874600683,148.49623107910156,9998300.0
2025-07-17,149.05897173423043,150.04624803541157,148.89113657078653,149.86854553222656,13374200.0
2025-07-18,150.33257412407363,150.5398937215005,148.8713942786426,149.5328826904297,10201800.0
2025-07-21,149.99688735835107,150.10548835852003,148.6838230808192,148.74305725097656,10089300.0
2025-07-22,148.2197896972268,149.3946508566739,147.80513547588785,149.0984649658203,15053900.0
2025-07-23,150.34242402819956,151.852955464262,150.10547230826512,151.7739715576172,14747300.0
2025-07-24,151.6160218594603,152.62303279400297,151.10263398825964,151.5172882080078,11695600.0
2025-07-25,151.9813164638551,153.08706110230955,151.4086944004724,153.01795959472656,9376600.0
2025-07-28,153.096939493398,153.1759083386682,152.10966321647552,152.54405212402344,9214700.0
2025-07-29,152.58355790421172,152.63292473302195,150.30295202080558,150.80645751953125,13546500.0
2025-07-30,150.5991168243973,150.8953027207386,149.36502147684223,150.0659942626953,13795300.0
2025-07-31,149.58222854343134,151.1223922437865,149.58222854343134,150.07586669921875,16520400.0
2025-08-01,148.04206688544838,148.43698641412448,146.24523199005102,147.83474731445312,19191700.0
2025-08-04,148.34814628415418,149.33542268311217,148.20992819088576,149.19720458984375,11355600.0
2025-08-05,148.9701124476303,149.67108521210247,147.87423520984197,148.89112854003906,12724800.0
2025-08-06,149.02934752149864,149.325533410613,147.90385319457613,149.0095977783203,10736700.0
2025-08-07,149.8487972525683,149.90803142087552,147.88411197074632,148.79241943359375,11095100.0
2025-08-08,149.22680925964013,149.85866549981148,148.5258515109056,148.910888671875,9124700.0
2025-08-11,148.93062929675833,149.0194805443165,148.07168870977563,148.42710876464844,9643500.0
2025-08-12,149.04911013303993,150.02651913211125,148.76279155847496,149.96726989746094,9518300.0
2025-08-13,150.39180105500463,150.62875279101308,148.82203534863092,150.53988647460938,12786800.0
2025-08-14,149.5229976193124,149.96726895623235,148.93064085829963,149.2070770263672,9516400.0
2025-08-15,149.05897096009897,149.33540711782277,148.41724739352034,148.52584838867188,8796000.0
2025-08-18,148.53573054454665,149.26632049977223,148.38764511122363,149.1083526611328,7342100.0
2025-08-19,149.2761752410998,150.36218520928045,148.83190391398625,149.43414306640625,9035200.0
2025-08-20,149.2761639534589,149.64146640493755,148.35800428449437,149.29591369628906,9549500.0
2025-08-21,149.0787225148365,149.46375967238853,148.50610044841335,148.76278686523438,7679600.0
2025-08-22,149.5723501155768,152.23799294629276,149.52298329072948,151.1914825439453,9298800.0
2025-08-25,150.9348144310352,151.43831995034188,149.66121949302166,149.68096923828125,6869000.0
2025-08-26,149.74020060306597,151.3692156020134,149.68096643303906,151.2211151123047,6927500.0
2025-08-27,151.15201847240616,151.44818933208364,150.9051993795803,151.2013702392578,5876400.0
2025-08-28,151.69499535312377,151.79372900760285,150.89530397162133,151.46792602539062,7166700.0
2025-08-29,151.24086058049036,151.3593289171942,149.48350995105844,150.07586669921875,8806100.0
2025-09-02,148.5060843026506,148.80227017579068,147.7063929904199,148.64430236816406,9798600.0
2025-09-03,148.6048220227628,148.70354060675646,147.20289158707934,147.89398193359375,12036200.0
2025-09-04,148.170436728052,149.5921170853911,147.7755171484347,149.5625,10148800.0
2025-09-05,149.81917153759022,150.144974509152,147.4990663149412,149.0095977783203,16781000.0
2025-09-08,149.20705781267108,149.61182960794875,148.2000318645924,149.34527587890625,11647200.0
2025-09-09,149.07871402480242,149.08858136405019,147.42009715277226,148.3382568359375,12179400.0
2025-09-10,148.58508483618527,149.90803147768463,148.55546775202043,149.43414306640625,16515000.0
2025-09-11,149.51312334892577,151.31984076231925,149.29592136056323,150.85581970214844,17820600.0
2025-09-12,150.53987927433334,150.89529932902593,149.56248542240877,149.65133666992188,8907500.0
2025-09-15,149.99688500412432,150.73734224875253,149.76981566720454,150.34243774414062,9412900.0
2025-09-16,150.5695034965833,150.73733866027993,149.41439203021898,149.89816284179688,10336100.0
2025-09-17,149.9573914034202,150.75708276834183,148.23952527773048,149.21693420410156,12549500.0
2025-09-18,149.5822294623867,151.15201025656174,149.26630887435522,150.80645751953125,13071800.0
2025-09-19,151.3001036784525,151.50743834456196,149.9771569583768,151.1717529296875,8778300.0
2025-09-22,150.68598249846812,151.91526832768474,150.37866482288376,151.67733764648438,5688500.0
2025-09-23,152.02431277236596,152.9264344296172,151.1122527558945,151.71697998046875,8589300.0
2025-09-24,152.04415093795419,152.37129998801672,150.90409844306302,150.933837890625,5938400.0
2025-09-25,150.42822861510086,150.457968058009,149.317900614643,149.9127197265625,7145800.0
2025-09-26,150.74546215421785,151.88552965636597,150.70581460392222,151.26097106933594,6958900.0
2025-09-29,152.44069039249987,152.58938761887327,151.21140452258803,151.72691345214844,7177600.0
2025-09-30,151.5484695357028,153.0454256178235,151.51873008888137,152.89671325683594,8211200.0
2025-10-01,152.1531875508801,152.77774614979162,151.7863909778708,152.47042846679688,8753400.0
2025-10-02,152.62904306723652,153.46177774924067,151.95491371022445,152.86695861816406,8495400.0
2025-10-03,153.07516479492188,154.0665200255706,152.60922662636654,153.07516479492188,7430000.0
2025-10-06,153.5708258335473,154.0962428389263,152.83721759637726,153.78892517089844,6861000.0
2025-10-07,154.016939263655,154.42339851234766,152.56955406482135,152.91653442382812,11204100.0
2025-10-08,153.30316494205132,154.47297192433504,152.62905067830243,154.2449493408203,9686000.0
2025-10-09,154.40356888349638,154.5919287875073,151.74674426890724,151.96482849121094,9751200.0
2025-10-10,152.37129409186298,152.8669717012229,148.59423312884124,148.60414123535156,24285300.0
2025-10-13,149.69463523526855,150.7256379876843,149.38731754349692,150.15066528320312,11014200.0
2025-10-14,148.7825820540588,152.59929028816262,148.6834404887557,151.91526794433594,11015600.0
2025-10-15,152.46049208257378,153.3130580619582,149.9523649241165,151.28079223632812,10338300.0
2025-10-16,151.72692128960233,151.98466820425665,149.53601957095927,150.28945922851562,13796400.0
2025-10-17,150.1308333510427,151.0329702101453,149.68472653807453,150.41831970214844,10806300.0
2025-10-20,151.22131683933787,152.52000486897114,151.1618379471324,152.19285583496094,8192600.0
2025-10-21,152.49027302470523,154.30443983493132,152.39113144816707,153.54110717773438,11589400.0
2025-10-22,153.87815264377986,154.11608333326578,151.09244700114735,151.5484619140625,13612300.0
2025-10-23,151.87561254619968,153.66996302527588,151.87561254619968,153.44195556640625,8035200.0
2025-10-24,154.65140479160047,154.69105234213043,153.50142917680165,153.57083129882812,7502400.0
2025-10-27,154.6216585738753,154.7009687983403,153.74926123163874,154.44320678710938,5828900.0
2025-10-28,154.55225842152205,154.9388863164096,153.32298774386868,153.34280395507812,9022200.0
2025-10-29,153.46177114983652,154.9190643441144,153.01566438415267,153.73934936523438,16439600.0
2025-10-30,153.15446941327352,155.6328573990266,152.9760176123218,153.3527374267578,11840000.0
2025-10-31,153.1643869343984,154.28462321342013,152.95619567497076,153.71954345703125,10414800.0
2025-11-03,153.70963657921746,153.70963657921746,151.92519408014303,153.06524658203125,9797400.0
2025-11-04,151.43942294514912,151.67735365145592,150.49763848053257,151.2907257080078,13391600.0
2025-11-05,150.8941784058518,152.70834507121995,150.7157266077083,151.8756103515625,11121900.0
2025-11-06,151.92518735741447,152.44069630697587,150.89418458517184,151.27088928222656,11735400.0
2025-11-07,150.71573650049385,152.2226007065537,149.83343093861205,152.00450134277344,13518600.0
2025-11-10,152.66869061676482,153.29324919170736,151.2113973598181,152.86695861816406,10900400.0
2025-11-11,152.8768767680603,153.35272298097397,152.02431077619752,152.9066162109375,8652400.0
2025-11-12,153.18420938544426,154.19538079575347,152.95618679861784,153.05532836914062,9583300.0
2025-11-13,152.98594068921489,153.49152639211542,150.36874845712813,150.6859893798828,15475400.0
2025-11-14,149.84332629182936,151.5583816089361,149.4864378293719,150.69589233398438,13433100.0
2025-11-17,150.69589000100655,150.97346823118957,148.5843138304628,149.21878051757812,15294100.0
2025-11-18,148.56448879466092,149.4567024114029,147.81106429889834,148.55458068847656,19820200.0
2025-11-19,148.70328207557682,149.555848164552,148.306746040794,149.05026245117188,12575500.0
2025-11-20,151.03296194848562,151.3997585104584,146.44298279999782,146.55203247070312,27790800.0
2025-11-21,147.19640409263368,148.99075444088083,145.86799186128678,148.3364715576172,20982900.0
2025-11-24,148.52484091568738,149.30800485515655,147.6425202801948,148.70327758789062,12658900.0
2025-11-25,149.060177666089,150.8644363753374,148.01925161654373,150.606689453125,13636100.0
2025-11-26,150.71573244749212,152.24242795289854,150.58685142866582,151.4790802001953,10206200.0
2025-11-28,151.73683051874698,152.52991773562468,151.44934415515505,152.36138916015625,3507600.0
2025-12-01,151.22131046460666,151.68724860308143,150.06142673485445,150.13082885742188,10704600.0
2025-12-02,150.92392876856115,151.8855445716123,150.37868035545785,151.43942260742188,9712300.0
2025-12-03,151.61785161684682,152.91652437928119,151.23122373240545,152.8768768310547,9128800.0
2025-12-04,152.95619068075052,154.1259977097146,152.7777540015365,153.6699676513672,9249400.0
2025-12-05,153.68980496236426,153.98721456615593,152.77775993711577,153.2436981201172,8228800.0
2025-12-08,153.4320481848714,153.66996375111833,152.68853178659003,153.05532836914062,6721600.0
2025-12-09,152.66869738861237,153.67988390554373,151.8657021148561,151.93508911132812,7375100.0
2025-12-10,152.74801264245417,155.3651897929857,152.51008194626766,154.7108917236328,13463300.0
2025-12-11,154.552273204927,156.5151674376935,154.4134840787912,156.366455078125,9999300.0
2025-12-12,156.85221113424285,157.0901418130237,154.90914840806332,155.385009765625,12062900.0
2025-12-15,156.21773889771666,156.37635934459848,155.25612323795337,155.63284301757812,10889500.0
2025-12-16,155.49407081094674,155.93025439696862,154.0665168875877,154.7108917236328,10277500.0
2025-12-17,154.42339982646868,155.0975140844844,152.04413833063074,152.2027587890625,11612500.0
2025-12-18,153.5510108019386,154.43331635059985,152.72818414671153,153.19412231445312,10021200.0
2025-12-19,153.35273527273975,154.7703659197759,153.25359370395026,154.5126190185547,6957800.0
2025-12-22,155.25071942864741,156.35487792354226,154.89260863779106,156.22557067871094,5369000.0
2025-12-23,156.1957348567483,156.54388844035373,155.85750813557812,156.1658935546875,5044600.0
2025-12-24,156.16590043735647,156.86222281394498,155.976895396849,156.6732177734375,2238500.0
2025-12-26,156.53395688651125,156.59363949463136,155.96694175199056,156.38475036621094,4155300.0
2025-12-29,156.0863073098193,156.74284629411153,155.70829725607135,156.0465087890625,4455400.0
2025-12-30,156.06642622377785,156.24548923065913,155.56905090721554,155.59889221191406,3810500.0
2025-12-31,155.6685284967196,155.7381531465338,154.24602723082936,154.3057098388672,3691800.0
2026-01-02,154.80308377370758,157.18053710453597,154.16644399579047,157.15069580078125,10122900.0
2026-01-05,157.46901314748914,159.72710111801263,157.46901314748914,159.01087951660156,16194200.0
2026-01-06,158.60303628865415,161.30875910417467,158.34439142123463,161.16949462890625,12757200.0
2026-01-07,161.63703987161622,161.74646305113632,158.0360321683947,158.13551330566406,12333000.0
2026-01-08,159.1800018493247,160.51296406560073,158.92135696825997,159.32920837402344,11555400.0
2026-01-09,159.7867924282165,161.36844222639402,159.7867924282165,161.0799560546875,9439600.0
2026-01-12,160.78153687066637,162.39302791066993,160.522892012313,162.31344604492188,7420500.0
2026-01-13,163.01972534250316,163.67624917111453,162.56213340989393,163.14903259277344,9580400.0
2026-01-14,162.9202510707844,163.43752562969667,161.95534178031065,163.40768432617188,10727100.0
2026-01-15,164.20347987526756,165.1783311600848,164.12389801016369,164.9097442626953,9197400.0
2026-01-16,165.52648945904292,166.3222929540621,165.24796051258957,166.02386474609375,13483100.0
2026-01-20,163.89509347939773,164.84011863519487,162.3233858050109,162.6715545654297,14435200.0
2026-01-21,163.5171076666194,166.13329141001395,163.30820336304177,165.48670959472656,14068600.0
2026-01-22,165.68564344506453,166.13327814133422,164.32284009591126,164.63121032714844,9937200.0
2026-01-23,164.63122019579046,164.94954766562566,162.85062334480367,163.35794067382812,11673600.0
2026-01-26,163.35795661088267,163.80559137765619,162.98990371933186,163.51712036132812,8231500.0
2026-01-27,163.79563306378355,164.51185469094793,162.8506230547634,164.1935272216797,9439300.0
2026-01-28,163.55687976323293,164.41236582326223,162.66161036076227,163.27835083007812,10144900.0
2026-01-29,164.38252043436674,166.03380991035957,163.1888228678578,164.98931884765625,16332500.0
2026-01-30,163.7956289894454,165.436961323301,162.87050308624967,164.571533203125,11612500.0
2026-02-02,164.35268712915666,166.74008237831828,164.19352339822888,166.6505584716797,11466600.0
2026-02-03,166.65055969206284,168.90864770773433,166.0437612448098,168.05316162109375,16444000.0
2026-02-04,169.0877079450083,169.87356944327502,166.9688994232687,168.5008087158203,21338400.0
2026-02-05,167.36679505878763,168.43118552858806,166.57099151162595,167.4861602783203,18699300.0
2026-02-06,168.99818169018928,172.4798088491785,168.91859981939817,172.27090454101562,11992100.0
2026-02-09,171.90283487608394,173.21591284782258,171.73372910918215,172.7881622314453,9472200.0
2026-02-10,172.7981384811822,173.93215359135033,172.51959434060458,172.99708557128906,8820200.0
2026-02-11,174.4991373084503,175.82215734356728,173.16617523229522,173.92218017578125,12551900.0
2026-02-12,174.8572478137355,176.82684962284196,171.5447267110132,171.84315490722656,18157000.0
2026-02-13,172.1913315588752,174.38972184175057,171.73373961321434,173.25570678710938,13617900.0
2026-02-17,173.0070049677075,175.0462465264313,172.48973045818568,174.16091918945312,13810800.0
2026-02-18,174.45936626846532,175.07610678746775,173.46461566171834,174.1211395263672,10623800.0
2026-02-19,174.14104231131535,176.01117834701222,173.83267204557598,175.41432189941406,13431100.0
2026-02-20,175.20543550020156,177.2844606998976,174.68816091612885,176.29965209960938,13104100.0
2026-02-23,175.48395445081226,175.99127178514655,173.4347706730405,173.91224670410156,10566600.0
2026-02-24,173.6635538344898,176.28969469437422,173.45464953917096,176.0509490966797,9756500.0
2026-02-25,176.6279100283684,176.826857108036,173.52429308522392,174.67820739746094,11757700.0
2026-02-26,175.21537250479312,176.04101733567674,172.99708288608758,175.77243041992188,13764500.0
2026-02-27,174.44940078481582,176.29963743287183,174.1111892374276,176.21011352539062,9692600.0
2026-03-02,175.5734810936859,178.36872785417918,174.73789423164962,177.96087646484375,21918000.0
2026-03-03,175.0960154318102,175.26512122257563,171.76359464917076,174.51905822753906,20481300.0
2026-03-04,175.4043601822999,176.00120138426016,173.77296994437395,175.04624938964844,13604000.0
2026-03-05,173.8923481796506,174.32009882619613,169.31650457364472,171.1567840576172,21308200.0
2026-03-06,168.86884960393516,169.76413421516267,167.37672376391163,169.04791259765625,22680300.0
2026-03-09,167.257358963614,170.50024033288105,165.29769914128747,170.04266357421875,19492500.0
2026-03-10,169.77406894731513,171.47509901033231,168.92854011491693,169.1274871826172,16791100.0
2026-03-11,168.83901118584,169.42592556207958,167.4861497939591,168.60028076171875,14287600.0
2026-03-12,167.0981959498162,167.23746042201128,164.29300724454677,164.37258911132812,15925600.0
2026-03-13,165.4170653741877,165.9442971399407,162.87050634715706,163.78567504882812,15836200.0
2026-03-16,165.29770136873404,166.2626106416106,164.47205656932994,165.1882781982422,11091300.0
2026-03-17,166.34219821598438,166.68040978049373,164.1835912137597,165.6259765625,12772600.0
2026-03-18,165.2977052862822,166.29245588571484,164.19353151376436,164.31289672851562,11872400.0
2026-03-19,162.6019350097473,164.12390216903972,161.3982801402477,163.1987762451172,17989900.0
2026-03-20,163.15898944380683,163.7856719687323,159.4684582250734,160.82131958007812,19199200.0
2026-03-23,163.69725205730964,165.77213367542,162.61990089713362,162.6498260498047,18508400.0
2026-03-24,160.97395345816253,164.1561268489558,160.74452219670923,163.59750366210938,14110200.0
2026-03-25,165.45293824819058,165.91181598931647,163.91672449481104,164.69480895996094,12205600.0
2026-03-26,163.3281605514871,164.20600567783322,160.6946403937888,160.87420654296875,15416400.0
2026-03-27,160.1958683795015,160.89414736040834,158.46014851572448,158.8092803955078,13923700.0
2026-03-30,160.1559641828282,160.3455003000633,155.69693371386373,156.2256317138672,17459600.0
2026-03-31,158.31050646230784,161.84182691854107,157.6621078175151,161.33306884765625,15855900.0
2026-04-01,163.0887480730026,165.3631509969113,162.86928680654307,164.02642822265625,17035300.0
2026-04-02,161.3231006683554,165.33323886423872,160.74452230406655,163.36807250976562,11097200.0
2026-04-06,163.13862763682286,164.23593406636203,162.37052835748582,164.2060089111328,7105500.0
2026-04-07,163.24835709795383,164.27582801029294,162.40045233703043,163.87681579589844,10068200.0
2026-04-08,169.18376323135732,170.64017148469773,168.69496034011843,170.02169799804688,12808600.0
2026-04-09,169.46306690805366,172.73501555779472,169.38326142618934,171.76739501953125,8180000.0
2026-04-10,172.06666535824002,172.2761414338289,170.78980806447083,171.0990447998047,5169700.0
2026-04-13,170.57034105202538,172.3559411192101,170.19126882335436,172.30606079101562,6814100.0
2026-04-14,172.70509926582292,173.6128543232583,171.6077928605625,172.924560546875,5490700.0
2026-04-15,172.68514362947712,172.7250387616804,169.662581255523,170.75987243652344,13548300.0
2026-04-16,170.82969698229297,171.63770654428404,169.10394722511833,169.91195678710938,8629200.0
2026-04-17,171.81728011793132,174.70018663694896,171.7175194574968,173.0841522216797,9529000.0
2026-04-20,172.70509108167366,173.5529957897943,172.1364827291639,173.4731903076172,5734900.0
2026-04-21,173.1041082427419,174.2612649355345,170.51048327218462,171.0192413330078,8752700.0
2026-04-22,172.88464172673818,173.493145208703,169.9119598217106,170.62020874023438,10595400.0
2026-04-23,171.40828384319283,174.36101066679086,171.17885258829767,173.64279174804688,14418800.0
2026-04-24,173.54302569511552,173.7525017670168,171.5379643287921,172.0467071533203,7665200.0
2026-04-27,172.08660888671875,173.08415461952498,171.09904835289814,172.08660888671875,6689500.0
2026-04-28,171.2586427326446,171.43820887821076,169.12389549036106,170.56036376953125,9000000.0
2026-04-29,170.8297071296522,171.28858486517106,168.8146604828484,169.512939453125,9059900.0
2026-04-30,171.06912238754444,174.39095148860042,170.7199752941817,174.1515350341797,12012100.0
2026-05-01,174.79992493234144,174.99943102371742,172.5155520266091,172.53550720214844,6800700.0
2026-05-04,172.07663753324863,172.78490169526776,170.2411570526822,170.56036376953125,7618500.0
2026-05-05,171.72749055233567,172.63526081564132,170.77982515740047,171.9868621826172,6189400.0
2026-05-06,174.84981898618273,176.90476080921198,173.8223480746681,176.4359130859375,10461300.0
2026-05-07,177.0045119232241,177.2838235022741,173.00434391372355,173.5729522705078,10627700.0
2026-05-08,174.72012873414448,174.8897249032305,172.66518696325159,172.77491760253906,5883800.0
2026-05-11,172.81482720752234,175.11915540124275,172.4557101369854,174.6103973388672,6277200.0
2026-05-12,174.00189414535032,174.36101121652447,171.7175211240897,173.92210388183594,7468700.0
2026-05-13,173.81236685337748,174.1814538885881,172.09658704543412,173.19387817382812,6070600.0
2026-05-14,173.74253366995148,174.30115682951936,172.41579605530808,174.08169555664062,7364000.0
2026-05-15,172.37589743279008,172.37589743279008,170.51047665110735,170.9793243408203,7826300.0
2026-05-18,171.1389422193715,171.14892741828328,169.0840004603999,170.3309326171875,8696000.0
2026-05-19,169.2136817623184,169.7623197196,167.69740803813113,168.32586669921875,7503400.0
2026-05-20,168.81465556211404,171.0591334005836,167.9567656461121,170.31097412109375,10524700.0
2026-05-21,169.39323133893532,170.87957989808146,168.49544630564714,170.11146545410156,8535000.0
2026-05-22,171.32847927165022,172.45571081832742,170.00174162307317,171.3484344482422,6910500.0
2026-05-26,172.7649465368595,174.35104058638416,172.44572459863727,173.87222290039062,6797700.0
2026-05-27,174.1116241327175,174.4308460709397,173.04425812213404,173.87222290039062,7413200.0
2026-05-28,173.06420687567692,174.28121383263772,171.6377086268652,173.37344360351562,8669000.0
2026-05-29,173.14401593094428,173.4532526651656,171.94694890367018,172.70509338378906,7054700.0
2026-06-01,171.16887330438897,172.43576068155767,169.97182143666325,171.9768829345703,8235000.0
2026-06-02,172.51556475844347,174.07173369589782,171.94695637365197,173.7624969482422,8663800.0
2026-06-03,173.30361131964602,175.66780499444425,173.12406039872795,173.62283325195312,6900600.0
2026-06-04,174.50066891379726,176.04686785437272,173.8522702716237,175.7276611328125,6670100.0
2026-06-05,175.1790007052175,175.9371299563208,173.0542234967928,173.75250244140625,8893400.0
2026-06-08,174.49069999510814,174.89969740392885,172.84475560339175,173.20387268066406,5372100.0
2026-06-09,173.94204465384607,176.1565973995958,171.30852452664908,175.16903686523438,9457400.0
2026-06-10,174.14155959165257,174.15152956893812,169.03411527367146,169.2436065673828,13851900.0
2026-06-11,170.85962630230176,175.24882129438276,170.57034474665045,174.72012329101562,11046100.0
2026-06-12,175.58800861702684,176.17655696123205,174.2014206220086,175.7476043701172,6961600.0
2026-06-15,178.361170910425,179.5382675084443,178.07187413881744,178.241455078125,7522100.0
2026-06-16,179.13925825311108,180.6555319758744,178.86991665270656,179.40859985351562,8978400.0
2026-06-17,179.52829723582602,181.882505649329,178.690362517801,179.15921020507812,11053200.0
2026-06-18,182.05209749093254,182.47106487503578,180.00712568032802,180.46600341796875,8059200.0
2026-06-22,180.77999877929688,182.27999877929688,180.69000244140625,181.8000030517578,6669200.0
2026-06-23,179.16000366210938,180.00999450683594,177.22999572753906,178.14999389648438,8927400.0
2026-06-24,179.07000732421875,181.88999938964844,178.33999633789062,180.2100067138672,7088600.0
2026-06-25,182.24000549316406,186.08999633789062,182.05999755859375,184.1199951171875,7867600.0
2026-06-26,182.63999938964844,183.07000732421875,180.91000366210938,181.1999969482422,8856200.0
2026-06-29,181.50999450683594,183.5800018310547,181.35000610351562,182.75999450683594,7860500.0
2026-06-30,183.32000732421875,185.4499969482422,182.6999969482422,185.22999572753906,6530900.0
2026-07-01,184.3699951171875,185.64999389648438,182.72000122070312,183.36000061035156,8112800.0
2026-07-02,184.7100067138672,185.47999572753906,181.91000366210938,183.91000366210938,6530800.0
2026-07-06,184.6999969482422,186.4499969482422,184.6999969482422,185.55999755859375,6701800.0
2026-07-07,184.5399932861328,184.9199981689453,180.66000366210938,182.3800048828125,7721500.0
2026-07-08,180.75999450683594,181.88999938964844,179.0800018310547,180.4199981689453,7333300.0
2026-07-09,182.42999267578125,182.75,180.72999572753906,181.11000061035156,5381900.0
2026-07-10,181.14999389648438,182.5800018310547,180.16000366210938,181.9199981689453,5315600.0
2026-07-13,181.52000427246094,182.17999267578125,179.8000030517578,180.3699951171875,5384700.0
2026-07-14,181.6699981689453,182.50999450683594,179.86000061035156,180.4499969482422,6672800.0
2026-07-15,180.77999877929688,181.02000427246094,177.77999877929688,180.05999755859375,7491300.0
2026-07-16,178.7899932861328,180.55999755859375,178.5500030517578,180.14999389648438,6093200.0
2026-07-17,178.25999450683594,181.4600067138672,177.60000610351562,179.41000366210938,8061700.0
2026-07-20,180.61000061035156,181.27000427246094,177.58999633789062,178.1199951171875,6044600.0
2026-07-21,179.50999450683594,179.94000244140625,177.75999450683594,178.66000366210938,4836000.0
2026-07-22,178.1999969482422,179.83999633789062,178.13999938964844,178.85000610351562,4350100.0
2026-07-23,179.08999633789062,182.97999572753906,179.08999633789062,181.94000244140625,8556000.0
2026-07-24,181.9199981689453,183.89999389648438,181.74000549316406,182.66000366210938,5507700.0
2026-07-27,183.6199951171875,184.4199981689453,180.83999633789062,183.1999969482422,6193700.0
2026-07-28,182.6300048828125,182.9499969482422,181.44000244140625,182.49000549316406,5707200.0
2026-07-29,181.0,181.44000244140625,176.35000610351562,176.66000366210938,9505200.0
2026-07-30,178.92999267578125,179.10000610351562,175.9600067138672,178.38999938964844,7367000.0
2026-07-31,180.5,180.9199981689453,177.88999938964844,179.83999633789062,7206200.0
2026-08-03,180.4600067138672,183.35000610351562,180.10000610351562,183.16000366210938,8814000.0
2026-08-04,185.63999938964844,186.8699951171875,183.27999877929688,186.39999389648438,10498000.0
2026-08-05,186.5800018310547,188.19000244140625,185.99000549316406,186.35000610351562,5641100.0
2026-08-06,186.6999969482422,187.4600067138672,184.5,184.75999450683594,5520400.0
2026-08-07,185.4499969482422,185.8699951171875,183.99000549316406,185.17999267578125,6170200.0
2026-08-10,185.92999267578125,185.92999267578125,184.3699951171875,184.60000610351562,3438400.0
2026-08-11,185.0800018310547,187.25999450683594,185.02999877929688,185.6999969482422,4893700.0
2026-08-12,187.1699981689453,187.41000366210938,185.14999389648438,185.8800048828125,4052000.0
2026-08-13,186.47999572753906,186.6699981689453,184.74000549316406,185.7899932861328,4942500.0
2026-08-14,186.17999267578125,186.8800048828125,185.60000610351562,186.50999450683594,3590300.0
2026-08-17,186.38999938964844,187.38999938964844,186.17999267578125,186.32000732421875,5363000.0
2026-08-18,185.2100067138672,185.5800018310547,183.50999450683594,183.57000732421875,4646800.0
2026-08-19,184.24000549316406,184.6199951171875,181.72000122070312,181.9499969482422,8312100.0
2026-08-20,181.00999450683594,182.02999877929688,179.5500030517578,179.77000427246094,6497700.0
2026-08-21,180.9499969482422,181.24000549316406,179.7899932861328,180.25,5470900.0
2026-08-24,180.08999633789062,180.3000030517578,178.36000061035156,179.0,5242400.0
2026-08-25,180.75999450683594,180.9600067138672,178.16000366210938,178.39999389648438,6564300.0
2026-08-26,178.89999389648438,180.89999389648438,178.89999389648438,180.33999633789062,8142000.0
2026-08-27,180.47000122070312,180.49000549316406,178.17999267578125,178.8000030517578,5464700.0
2026-08-28,179.44000244140625,179.52000427246094,176.64999389648438,177.13999938964844,8234400.0
2026-08-31,176.08999633789062,176.25999450683594,174.72999572753906,175.1300048828125,7362100.0
2026-09-01,174.33999633789062,175.44000244140625,172.14999389648438,172.72999572753906,9138900.0
2026-09-02,173.33999633789062,173.33999633789062,171.6199951171875,172.77999877929688,10830300.0
2026-09-03,173.75999450683594,174.55999755859375,172.02000427246094,174.55999755859375,8340600.0
2026-09-04,174.33999633789062,175.77999877929688,174.10000610351562,175.27000427246094,5841600.0
2026-09-08,175.13999938964844,175.7100067138672,174.27000427246094,174.4199981689453,6225400.0
2026-09-09,173.52999877929688,174.16000366210938,171.7100067138672,171.7899932861328,6411800.0
2026-09-10,170.8300018310547,171.67999267578125,170.0,170.5500030517578,7830400.0
