timestamp,volume,vwap,open,close,high,low
2026-09-10 09:30:00-04:00,645369.387961,707.8519,707.55,708.3209,708.39,707.34
2026-09-10 09:31:00-04:00,344566.97913,708.106,708.3,708.11,708.44,707.87
2026-09-10 09:32:00-04:00,275890.16108,707.5707,708.15,707.26,708.25,707.11
2026-09-10 09:33:00-04:00,218343.110601,707.2829,707.25,707.91,707.92,706.855
2026-09-10 09:34:00-04:00,161118.508721,708.0103,707.89,707.775,708.33,707.59
2026-09-10 09:35:00-04:00,207053.410571,708.2009,707.78,708.17,708.615,707.58
2026-09-10 09:36:00-04:00,172287.826018,708.5156,708.1162,708.47,708.74,708.07
2026-09-10 09:37:00-04:00,149409.938304,708.3737,708.48,708.2829,708.73,707.99
2026-09-10 09:38:00-04:00,146038.680247,708.6092,708.28,708.85,708.92,708.11
2026-09-10 09:39:00-04:00,216145.404441,709.3694,708.81,709.721,709.9,708.77
2026-09-10 09:40:00-04:00,175285.941045,709.9379,709.7463,709.92,710.27,709.56
2026-09-10 09:41:00-04:00,191168.073259,709.5417,709.91,709.225,710.11,709.09
2026-09-10 09:42:00-04:00,130498.646849,709.3334,709.2568,709.35,709.5899,708.9801
2026-09-10 09:43:00-04:00,92029.648677,709.4191,709.33,709.34,709.7195,709.15
2026-09-10 09:44:00-04:00,115565.668859,709.1728,709.345,708.77,709.5505,708.66
2026-09-10 09:45:00-04:00,142928.434327,708.9662,708.78,709.4,709.47,708.6255
2026-09-10 09:46:00-04:00,97446.982918,709.5484,709.43,709.8801,709.9,709.1237
2026-09-10 09:47:00-04:00,98337.363173,709.7143,709.86,709.67,709.94,709.51
2026-09-10 09:48:00-04:00,148918.186067,709.2004,709.67,709.172,709.7,708.88
2026-09-10 09:49:00-04:00,271802.594487,709.8101,709.1,709.888816,710.36,708.97
2026-09-10 09:50:00-04:00,136223.110727,709.3117,709.91,708.94,709.95,708.7
2026-09-10 09:51:00-04:00,149195.837558,708.5106,708.94,708.15,708.97,708.11
2026-09-10 09:52:00-04:00,122128.777325,708.2459,708.27,708.36,708.49,708.015
2026-09-10 09:53:00-04:00,79821.890276,708.2153,708.34,708.25,708.45,707.95
2026-09-10 09:54:00-04:00,66380.710632,708.4042,708.27,707.95,708.69,707.925
2026-09-10 09:55:00-04:00,79506.39634,708.01,707.995,708.035,708.23,707.7605
2026-09-10 09:56:00-04:00,76349.206742,707.926,708.02,708.1317,708.235,707.58
2026-09-10 09:57:00-04:00,64117.645231,708.1503,708.2,708.1,708.4071,707.845
2026-09-10 09:58:00-04:00,47431.728223,708.0259,708.07,707.7606,708.2,707.73
2026-09-10 09:59:00-04:00,51823.533223,707.8487,707.76,707.82,708.01,707.71
2026-09-10 10:00:00-04:00,93849.901505,708.3028,707.76,708.28,708.6,707.76
2026-09-10 10:01:00-04:00,84330.559501,708.6551,708.255,709.02,709.07,708.23
2026-09-10 10:02:00-04:00,91080.528255,709.3228,709.02,709.375,709.505,708.95
2026-09-10 10:03:00-04:00,84772.281484,709.4304,709.38,709.62,709.72,709.1827
2026-09-10 10:04:00-04:00,92998.185467,709.1886,709.63,708.98,709.63,708.96
2026-09-10 10:05:00-04:00,86736.746786,708.9395,708.985,708.73,709.2,708.6643
2026-09-10 10:06:00-04:00,55983.780766,708.8039,708.73,708.8,708.965,708.64
2026-09-10 10:07:00-04:00,75109.956106,708.6794,708.77,708.26,709.1199,708.245
2026-09-10 10:08:00-04:00,81274.327243,708.2342,708.2745,708.3862,708.47,708.04
2026-09-10 10:09:00-04:00,56389.12297,708.3844,708.38,708.69,708.74,708.22
2026-09-10 10:10:00-04:00,58018.234107,708.855,708.738,708.795,709.1,708.53
2026-09-10 10:11:00-04:00,112265.09213,708.563,708.75,708.88,709.0391,708.32
2026-09-10 10:12:00-04:00,70965.100049,708.9888,708.9,709.07,709.17,708.86
2026-09-10 10:13:00-04:00,142792.757827,709.4575,709.165,709.44,709.51,709.165
2026-09-10 10:14:00-04:00,53097.264517,709.075,709.45,708.79,709.48,708.693
2026-09-10 10:15:00-04:00,63229.028057,708.6826,708.79,708.64,708.95,708.4001
2026-09-10 10:16:00-04:00,48120.244434,708.4297,708.64,708.49,708.64,708.24
2026-09-10 10:17:00-04:00,84745.955352,708.2963,708.43,708.29,708.44,708.11
2026-09-10 10:18:00-04:00,153948.139917,708.5209,708.265,708.72,708.77,708.265
2026-09-10 10:19:00-04:00,83857.343745,708.9648,708.685,709.215,709.3,708.61
2026-09-10 10:20:00-04:00,76021.65344,709.4534,709.23,709.6,709.74,709.11
2026-09-10 10:21:00-04:00,58271.440746,709.5066,709.575,709.74,709.76,709.261
2026-09-10 10:22:00-04:00,83509.970332,709.8065,709.77,710.07,710.11,709.4849
2026-09-10 10:23:00-04:00,57167.433369,709.8313,710.05,709.9,710.06,709.69
2026-09-10 10:24:00-04:00,337031.75049,710.7405,709.885,710.99,711.8,709.74
2026-09-10 10:25:00-04:00,167375.101555,711.329,710.96,711.181,711.5852,710.96
2026-09-10 10:26:00-04:00,157368.991616,710.7752,711.19,710.38,711.34,710.38
2026-09-10 10:27:00-04:00,118482.777764,710.3611,710.38,710.25,710.6098,710.17
2026-09-10 10:28:00-04:00,106312.374903,710.5517,710.245,710.6,710.79,710.235
2026-09-10 10:29:00-04:00,88913.18836,710.3565,710.63,710.41,710.6551,710.17
2026-09-10 10:30:00-04:00,117244.361427,710.6118,710.4,710.81,710.95,710.385
2026-09-10 10:31:00-04:00,68606.541962,710.9752,710.83,711.11,711.25,710.76
2026-09-10 10:32:00-04:00,78135.093737,710.8883,711.07,710.91,711.12,710.72
2026-09-10 10:33:00-04:00,47709.688906,710.7571,710.9,710.64,710.98,710.51
2026-09-10 10:34:00-04:00,71219.293294,710.8248,710.6155,710.705,711.095,710.6155
2026-09-10 10:35:00-04:00,102442.076541,711.2247,710.71,711.42,711.54,710.71
2026-09-10 10:36:00-04:00,68605.714224,711.5639,711.45,711.76,711.83,711.31
2026-09-10 10:37:00-04:00,58363.896469,711.8567,711.7466,711.955,712.0,711.66
2026-09-10 10:38:00-04:00,120856.99655,711.8991,711.94,711.97,712.06,711.8
2026-09-10 10:39:00-04:00,93698.922497,711.9158,711.96,711.725,712.05,711.68
2026-09-10 10:40:00-04:00,88919.930328,711.603,711.739,711.64,711.92,711.41
2026-09-10 10:41:00-04:00,45333.283888,711.6526,711.64,711.59,711.82,711.52
2026-09-10 10:42:00-04:00,51706.095798,711.4867,711.55,711.2463,711.7,711.21
2026-09-10 10:43:00-04:00,55175.282797,711.1563,711.23,711.01,711.37,710.97
2026-09-10 10:44:00-04:00,93663.566618,711.0517,711.01,711.14,711.16,710.81
2026-09-10 10:45:00-04:00,43673.340301,711.0133,711.1,710.95,711.185,710.83
2026-09-10 10:46:00-04:00,44343.874456,711.2668,710.96,711.37,711.48,710.93
2026-09-10 10:47:00-04:00,60731.675775,710.9527,711.37,710.62,711.3796,710.6
2026-09-10 10:48:00-04:00,46965.005131,710.793,710.61,711.01,711.05,710.56
2026-09-10 10:49:00-04:00,40614.395391,710.9313,710.97,710.93,711.05,710.78
2026-09-10 10:50:00-04:00,46098.50992,710.7012,710.9116,710.53,710.92,710.49
2026-09-10 10:51:00-04:00,66511.906496,710.7002,710.52,711.09,711.09,710.51
2026-09-10 10:52:00-04:00,44740.465808,711.0991,711.12,711.04,711.28,710.87
2026-09-10 10:53:00-04:00,71129.48667,711.1567,711.075,711.22,711.36,710.9201
2026-09-10 10:54:00-04:00,39548.596771,711.2248,711.19,711.335,711.34,711.13
2026-09-10 10:55:00-04:00,30384.814896,711.181,711.4,711.02,711.435,711.02
2026-09-10 10:56:00-04:00,59854.070629,711.3143,711.02,711.415,711.47,710.97
2026-09-10 10:57:00-04:00,47089.227478,711.4919,711.39,711.725,711.7975,711.24
2026-09-10 10:58:00-04:00,25953.674719,711.6313,711.76,711.61,711.79,711.505
2026-09-10 10:59:00-04:00,38967.576769,711.6662,711.63,711.79,711.805,711.54
2026-09-10 11:00:00-04:00,52940.120085,711.5883,711.79,711.54,711.83,711.32
2026-09-10 11:01:00-04:00,50303.628202,711.0868,711.49,711.02,711.5,710.95
2026-09-10 11:02:00-04:00,74257.727426,710.8313,711.01,710.74,711.03,710.61
2026-09-10 11:03:00-04:00,420988.509812,711.2228,710.73,710.98,711.01,710.66
2026-09-10 11:04:00-04:00,116343.18103,711.1755,711.0,710.9175,711.26,710.9
2026-09-10 11:05:00-04:00,42962.311784,711.2616,710.93,711.46,711.575,710.93
2026-09-10 11:06:00-04:00,31547.111435,711.3987,711.44,711.43,711.495,711.26
2026-09-10 11:07:00-04:00,24068.851525,711.4137,711.41,711.43,711.55,711.27
2026-09-10 11:08:00-04:00,153238.055061,714.6641,711.43,711.44,711.5,711.34
2026-09-10 11:09:00-04:00,59115.990847,711.1744,711.43,710.88,711.43,710.803
2026-09-10 11:10:00-04:00,52220.788406,711.2894,710.875,711.61,711.66,710.855
2026-09-10 11:11:00-04:00,45121.46505,711.4289,711.58,711.38,711.59,711.29
2026-09-10 11:12:00-04:00,43519.306341,711.5611,711.39,711.46,711.72,711.36
2026-09-10 11:13:00-04:00,56478.1659,711.3701,711.475,711.46,711.58,711.155
2026-09-10 11:14:00-04:00,28362.57619,711.2857,711.45,711.36,711.5,711.15
2026-09-10 11:15:00-04:00,60823.610357,711.137,711.33,711.02,711.46,710.89
2026-09-10 11:16:00-04:00,143819.208113,714.7621,711.03,711.01,711.12,710.9101
2026-09-10 11:17:00-04:00,32752.337571,710.9702,710.99,711.055,711.18,710.82
2026-09-10 11:18:00-04:00,37456.121854,710.7307,711.0499,710.59,711.0499,710.51
2026-09-10 11:19:00-04:00,36934.06246,710.683,710.56,710.84,710.88,710.46
2026-09-10 11:20:00-04:00,37424.487055,710.755,710.82,710.525,711.02,710.51
2026-09-10 11:21:00-04:00,59434.502731,710.3392,710.51,710.45,710.54,710.21
2026-09-10 11:22:00-04:00,37089.194104,710.4851,710.42,710.79,710.79,710.375
2026-09-10 11:23:00-04:00,146188.932351,714.6229,710.78,710.6,710.93,710.6
2026-09-10 11:24:00-04:00,39858.94589,710.8738,710.61,711.03,711.1,710.61
2026-09-10 11:25:00-04:00,52727.856899,711.0181,711.04,711.1597,711.1951,710.84
2026-09-10 11:26:00-04:00,36813.683001,710.9832,711.12,711.06,711.13,710.88
2026-09-10 11:27:00-04:00,60206.595507,711.2767,711.03,711.48,711.53,710.99
2026-09-10 11:28:00-04:00,49715.17025,711.4765,711.44,711.37,711.6,711.36
2026-09-10 11:29:00-04:00,49820.256551,711.2247,711.39,711.13,711.41,711.12
2026-09-10 11:30:00-04:00,73792.028069,711.1146,711.15,711.05,711.29,710.96
2026-09-10 11:31:00-04:00,32105.1709,711.0238,711.02,710.98,711.2,710.92
2026-09-10 11:32:00-04:00,70241.512345,710.9761,711.0,710.94,711.07,710.68
2026-09-10 11:33:00-04:00,44591.397247,711.1554,710.95,711.27,711.39,710.89
2026-09-10 11:34:00-04:00,25354.517978,711.3094,711.26,711.29,711.43,711.18
2026-09-10 11:35:00-04:00,124635.156035,715.387,711.27,711.36,711.3999,711.18
2026-09-10 11:36:00-04:00,33240.979861,711.5626,711.36,711.58,711.7,711.36
2026-09-10 11:37:00-04:00,22056.900409,711.7901,711.58,711.88,711.98,711.55
2026-09-10 11:38:00-04:00,64141.263454,711.6709,711.87,711.302,711.92,711.302
2026-09-10 11:39:00-04:00,54809.415581,711.087,711.305,711.26,711.305,710.94
2026-09-10 11:40:00-04:00,31599.814429,711.1328,711.259,711.02,711.27,710.95
2026-09-10 11:41:00-04:00,36388.747019,711.1986,711.02,711.35,711.445,711.01
2026-09-10 11:42:00-04:00,25866.001013,711.2663,711.36,711.305,711.41,711.11
2026-09-10 11:43:00-04:00,30412.109266,711.2292,711.3,711.49,711.49,711.07
2026-09-10 11:44:00-04:00,31656.452577,711.4873,711.48,711.51,711.58,711.39
2026-09-10 11:45:00-04:00,48104.519553,711.4162,711.54,711.225,711.63,711.225
2026-09-10 11:46:00-04:00,36258.046636,711.0426,711.225,710.96,711.24,710.865
2026-09-10 11:47:00-04:00,58650.729827,710.7063,710.969,710.71,710.969,710.61
2026-09-10 11:48:00-04:00,31465.191842,710.8101,710.71,710.76,710.94,710.69
2026-09-10 11:49:00-04:00,31848.130289,710.9606,710.779,711.005,711.16,710.75
2026-09-10 11:50:00-04:00,70295.882416,710.7395,710.96,710.64,710.98,710.64
2026-09-10 11:51:00-04:00,66359.130136,710.7371,710.68,710.66,710.85,710.6
2026-09-10 11:52:00-04:00,46677.504885,710.9053,710.66,710.89,711.21,710.65
2026-09-10 11:53:00-04:00,45830.7676,710.694,710.9,710.53,710.94,710.4601
2026-09-10 11:54:00-04:00,175658.139993,713.8876,710.53,710.385,710.62,710.385
2026-09-10 11:55:00-04:00,93198.341385,710.2871,710.39,710.29,710.4,710.09
2026-09-10 11:56:00-04:00,80106.314513,710.0915,710.29,710.01,710.31,709.92
2026-09-10 11:57:00-04:00,61927.449389,710.0068,710.0,710.1,710.12,709.93
2026-09-10 11:58:00-04:00,52897.134814,710.2197,710.097,710.44,710.46,710.0
2026-09-10 11:59:00-04:00,43659.171742,710.4357,710.42,710.38,710.58,710.3416
2026-09-10 12:00:00-04:00,165376.745768,714.1101,710.38,710.84,710.91,710.32
2026-09-10 12:01:00-04:00,62952.372211,710.7783,710.87,710.64,711.0,710.63
2026-09-10 12:02:00-04:00,45151.813399,710.6489,710.64,710.55,710.77,710.55
2026-09-10 12:03:00-04:00,42923.744261,710.4109,710.51,710.34,710.6,710.2
2026-09-10 12:04:00-04:00,59086.098165,710.5546,710.33,710.355,710.569,710.3
2026-09-10 12:05:00-04:00,25136.388215,710.4407,710.34,710.51,710.54,710.29
2026-09-10 12:06:00-04:00,23882.678721,710.3971,710.45,710.32,710.53,710.31
2026-09-10 12:07:00-04:00,145610.58993,714.4486,710.31,709.92,710.37,709.8601
2026-09-10 12:08:00-04:00,150332.828823,714.2674,709.92,709.9145,710.059,709.79
2026-09-10 12:09:00-04:00,28779.995451,709.8916,709.88,709.825,710.03,709.8
2026-09-10 12:10:00-04:00,45269.09364,709.857,709.828,709.75,709.9787,709.7063
2026-09-10 12:11:00-04:00,77287.29114,709.5639,709.69,709.6,709.71,709.43
2026-09-10 12:12:00-04:00,36558.522926,709.6477,709.6,709.68,709.78,709.54
2026-09-10 12:13:00-04:00,37937.828906,709.8034,709.69,709.9219,710.03,709.65
2026-09-10 12:14:00-04:00,31115.408949,709.9364,709.9,709.79,710.1,709.77
2026-09-10 12:15:00-04:00,19260.613968,709.9311,709.81,710.19,710.2,709.73
2026-09-10 12:16:00-04:00,219017.23745,710.2514,710.175,709.82,710.28,709.7305
2026-09-10 12:17:00-04:00,53232.709675,709.6636,709.82,709.64,709.87,709.53
2026-09-10 12:18:00-04:00,37143.167179,709.598,709.63,709.56,709.71,709.51
2026-09-10 12:19:00-04:00,36538.394101,710.4174,709.55,709.646,709.85,709.55
2026-09-10 12:20:00-04:00,21906.992327,709.8219,709.65,709.845,710.02,709.65
2026-09-10 12:21:00-04:00,21097.520697,709.7474,709.84,709.66,709.91,709.6405
2026-09-10 12:22:00-04:00,24177.947661,709.831,709.66,709.82,709.89,709.66
2026-09-10 12:23:00-04:00,20451.592921,709.7644,709.82,709.83,709.83,709.69
2026-09-10 12:24:00-04:00,18272.595281,709.7714,709.805,709.7516,709.87,709.69
2026-09-10 12:25:00-04:00,43170.686285,709.6227,709.76,709.565,709.84,709.52
2026-09-10 12:26:00-04:00,30427.418415,709.5259,709.56,709.45,709.6,709.4337
2026-09-10 12:27:00-04:00,38839.846983,709.4323,709.44,709.38,709.51,709.3325
2026-09-10 12:28:00-04:00,33144.331879,709.4314,709.35,709.435,709.53,709.34
2026-09-10 12:29:00-04:00,55427.114062,709.5949,709.43,709.67,709.6968,709.43
2026-09-10 12:30:00-04:00,50742.584015,709.8527,709.635,709.825,709.95,709.63
2026-09-10 12:31:00-04:00,23551.859208,709.8677,709.81,709.8,709.95,709.74
2026-09-10 12:32:00-04:00,52264.616284,709.8617,709.825,709.9213,710.1,709.66
2026-09-10 12:33:00-04:00,22906.552051,709.9544,709.96,709.92,710.01,709.84
2026-09-10 12:34:00-04:00,250688.112477,709.3934,709.9,709.08,709.9,708.98
2026-09-10 12:35:00-04:00,68828.123717,708.8838,709.04,708.93,709.14,708.63
2026-09-10 12:36:00-04:00,39196.554323,709.2346,708.935,709.35,709.39,708.93
2026-09-10 12:37:00-04:00,25534.063721,709.4016,709.335,709.44,709.57,709.275
2026-09-10 12:38:00-04:00,18781.234528,709.4475,709.44,709.4,709.61,709.34
2026-09-10 12:39:00-04:00,27659.864522,709.4997,709.37,709.505,709.57,709.37
2026-09-10 12:40:00-04:00,19233.708736,709.6294,709.5163,709.83,709.83,709.51
2026-09-10 12:41:00-04:00,32434.338013,709.8023,709.76,709.98,710.0,709.65
2026-09-10 12:42:00-04:00,17015.810526,709.9681,710.0,709.99,710.0735,709.87
2026-09-10 12:43:00-04:00,37895.974033,710.0277,709.99,710.17,710.2,709.9
2026-09-10 12:44:00-04:00,49834.572003,710.2978,710.18,710.42,710.57,710.1001
2026-09-10 12:45:00-04:00,50971.752829,710.6333,710.4231,710.6896,710.8395,710.4
2026-09-10 12:46:00-04:00,71169.113841,710.8475,710.69,711.07,711.21,710.645
2026-09-10 12:47:00-04:00,59913.252803,710.9555,711.13,710.8233,711.13,710.8
2026-09-10 12:48:00-04:00,61398.868896,710.798,710.84,710.73,710.87,710.7
2026-09-10 12:49:00-04:00,96453.335757,710.5113,710.73,710.46,710.75,710.365
2026-09-10 12:50:00-04:00,26813.343374,710.5181,710.445,710.49,710.64,710.445
2026-09-10 12:51:00-04:00,16133.251699,710.558,710.52,710.44,710.65,710.44
2026-09-10 12:52:00-04:00,31385.572221,710.5599,710.45,710.73,710.84,710.3801
2026-09-10 12:53:00-04:00,78111.749176,710.8567,710.745,710.94,710.98,710.68
2026-09-10 12:54:00-04:00,48952.811611,711.0174,710.9401,711.061,711.08,710.93
2026-09-10 12:55:00-04:00,57800.65728,711.2999,711.07,711.185,711.25,710.93
2026-09-10 12:56:00-04:00,38066.17143,711.1345,711.185,711.13,711.2,711.07
2026-09-10 12:57:00-04:00,30061.722295,711.0424,711.13,710.98,711.16,710.91
2026-09-10 12:58:00-04:00,16146.582815,711.0695,710.97,711.08,711.17,710.96
2026-09-10 12:59:00-04:00,23762.207711,710.9641,711.1,711.03,711.15,710.84
2026-09-10 13:00:00-04:00,37538.469822,710.9613,711.0079,711.0,711.0558,710.78
2026-09-10 13:01:00-04:00,17252.428806,711.0083,711.02,710.99,711.07,710.95
2026-09-10 13:02:00-04:00,221616.947062,711.5046,710.98,711.07,711.83,710.9796
2026-09-10 13:03:00-04:00,79010.399727,710.7953,711.08,710.55,711.09,710.55
2026-09-10 13:04:00-04:00,39159.813042,710.662,710.55,710.88,710.88,710.55
2026-09-10 13:05:00-04:00,22809.49943,710.9678,710.88,710.9767,711.11,710.84
2026-09-10 13:06:00-04:00,52861.375201,710.8436,710.95,710.935,711.14,710.68
2026-09-10 13:07:00-04:00,14857.203766,710.9789,710.91,711.02,711.0691,710.8801
2026-09-10 13:08:00-04:00,15936.673121,710.9967,711.01,710.92,711.135,710.85
2026-09-10 13:09:00-04:00,11952.448933,710.9222,710.89,710.91,711.025,710.86
2026-09-10 13:10:00-04:00,53040.984728,711.2654,710.89,711.34,711.39,710.89
2026-09-10 13:11:00-04:00,20487.63646,711.253,711.345,711.24,711.345,711.18
2026-09-10 13:12:00-04:00,24921.765529,711.265,711.2474,711.25,711.34,711.2
2026-09-10 13:13:00-04:00,24283.982926,711.1274,711.265,710.99,711.265,710.96
2026-09-10 13:14:00-04:00,15089.677266,710.9157,711.02,710.83,711.07,710.82
2026-09-10 13:15:00-04:00,21562.637264,710.8579,710.84,710.86,710.94,710.77
2026-09-10 13:16:00-04:00,11159.174859,710.952,710.88,710.98,711.01,710.88
2026-09-10 13:17:00-04:00,21506.436541,710.8436,710.965,710.8999,710.99,710.78
2026-09-10 13:18:00-04:00,19168.535309,710.8049,710.9001,710.825,710.95,710.7125
2026-09-10 13:19:00-04:00,16408.648355,710.7391,710.7648,710.805,710.8051,710.655
2026-09-10 13:20:00-04:00,31687.429733,710.7003,710.81,710.7799,710.84,710.64
2026-09-10 13:21:00-04:00,12016.446168,710.6663,710.765,710.61,710.765,710.59
2026-09-10 13:22:00-04:00,10593.697297,710.6655,710.61,710.665,710.75,710.59
2026-09-10 13:23:00-04:00,19133.731109,710.5895,710.67,710.485,710.68,710.47
2026-09-10 13:24:00-04:00,19442.155338,710.4958,710.49,710.5,710.55,710.43
2026-09-10 13:25:00-04:00,54606.584094,710.3987,710.52,710.3,710.54,710.24
2026-09-10 13:26:00-04:00,26846.21025,710.3543,710.29,710.45,710.455,710.26
2026-09-10 13:27:00-04:00,20825.641036,710.4094,710.44,710.4,710.49,710.305
2026-09-10 13:28:00-04:00,21567.026273,710.4212,710.39,710.46,710.51,710.3
2026-09-10 13:29:00-04:00,14632.69202,710.4531,710.45,710.49,710.55,710.4
2026-09-10 13:30:00-04:00,25129.365477,710.2894,710.468,710.31,710.47,710.2
2026-09-10 13:31:00-04:00,26854.778107,710.408,710.3,710.43,710.48,710.23
2026-09-10 13:32:00-04:00,66175.197899,710.309,710.43,710.33,710.5875,710.29
2026-09-10 13:33:00-04:00,25287.215892,710.2814,710.33,710.26,710.34,710.2
2026-09-10 13:34:00-04:00,26071.815298,710.3709,710.3,710.34,710.52,710.27
2026-09-10 13:35:00-04:00,23091.19654,710.4299,710.34,710.56,710.59,710.29
2026-09-10 13:36:00-04:00,56444.384314,710.5031,710.55,710.28,710.57,710.28
2026-09-10 13:37:00-04:00,59242.413393,710.0947,710.28,709.99,710.34,709.99
2026-09-10 13:38:00-04:00,35030.28866,709.9636,709.985,709.97,710.05,709.91
2026-09-10 13:39:00-04:00,54973.901921,709.8716,709.941,709.71,709.97,709.695
2026-09-10 13:40:00-04:00,22063.285408,709.7359,709.7,709.745,709.785,709.66
2026-09-10 13:41:00-04:00,46399.704868,710.2131,709.76,709.99,709.9905,709.75
2026-09-10 13:42:00-04:00,23240.060259,709.9749,709.99,710.02,710.02,709.93
2026-09-10 13:43:00-04:00,21654.505226,710.1513,710.06,710.2001,710.25,710.06
2026-09-10 13:44:00-04:00,20760.235017,710.2441,710.2,710.27,710.31,710.165
2026-09-10 13:45:00-04:00,19923.819016,710.1928,710.3,710.17,710.35,710.1
2026-09-10 13:46:00-04:00,15851.363028,710.0786,710.165,709.97,710.19,709.94
2026-09-10 13:47:00-04:00,40451.716256,710.0352,709.98,709.95,710.1399,709.95
2026-09-10 13:48:00-04:00,613451.880657,710.035,709.95,709.94,710.13,709.93
2026-09-10 13:49:00-04:00,18645.85359,709.9723,709.945,709.97,710.05,709.93
2026-09-10 13:50:00-04:00,19349.154405,710.0258,709.985,710.08,710.09,709.96
2026-09-10 13:51:00-04:00,44468.229907,710.1001,710.06,710.1899,710.2,710.06
2026-09-10 13:52:00-04:00,17267.487196,710.1841,710.19,710.0831,710.31,710.08
2026-09-10 13:53:00-04:00,42320.880555,709.9792,710.09,710.065,710.12,709.8
2026-09-10 13:54:00-04:00,11831.393896,710.0603,710.03,710.0875,710.11,710.01
2026-09-10 13:55:00-04:00,21970.567884,709.9157,710.09,709.86,710.14,709.83
2026-09-10 13:56:00-04:00,19810.081642,709.8884,709.85,709.94,709.96,709.84
2026-09-10 13:57:00-04:00,16511.382668,710.0398,709.92,709.91,710.21,709.89
2026-09-10 13:58:00-04:00,17631.184668,709.9685,709.9249,709.99,710.05,709.88
2026-09-10 13:59:00-04:00,11878.32453,709.9572,710.01,709.8995,710.04,709.8806
2026-09-10 14:00:00-04:00,76969.356462,709.9492,709.88,710.17,710.2,709.81
2026-09-10 14:01:00-04:00,26660.32421,709.972,710.21,709.675,710.23,709.66
2026-09-10 14:02:00-04:00,40809.927111,709.5916,709.67,709.577,709.73,709.49
2026-09-10 14:03:00-04:00,47572.485348,709.4188,709.56,709.455,709.565,709.33
2026-09-10 14:04:00-04:00,19548.053548,709.505,709.4401,709.47,709.63,709.43
2026-09-10 14:05:00-04:00,51026.364378,709.3371,709.45,709.36,709.49,709.22
2026-09-10 14:06:00-04:00,38643.08414,709.4398,709.36,709.53,709.585,709.34
2026-09-10 14:07:00-04:00,25744.073603,709.6489,709.51,709.61,709.72,709.51
2026-09-10 14:08:00-04:00,17566.857254,709.5847,709.64,709.52,709.67,709.52
2026-09-10 14:09:00-04:00,23974.603011,709.2882,709.46,709.21,709.46,709.12
2026-09-10 14:10:00-04:00,52895.436802,709.0774,709.21,709.125,709.21,708.97
2026-09-10 14:11:00-04:00,22756.729074,709.2169,709.155,709.23,709.275,709.145
2026-09-10 14:12:00-04:00,27429.475553,709.2694,709.18,709.275,709.275,709.09
2026-09-10 14:13:00-04:00,33102.56392,709.2977,709.27,709.325,709.38,709.22
2026-09-10 14:14:00-04:00,28876.270171,709.3428,709.33,709.235,709.45,709.235
2026-09-10 14:15:00-04:00,32271.310774,709.1111,709.245,709.145,709.245,709.0
2026-09-10 14:16:00-04:00,43302.309265,709.1341,709.13,709.01,709.295,708.98
2026-09-10 14:17:00-04:00,64786.158748,709.0303,709.03,709.07,709.12,708.99
2026-09-10 14:18:00-04:00,65649.795397,709.3795,709.09,709.09,709.13,708.99
2026-09-10 14:19:00-04:00,31385.733367,709.1736,709.1,709.28,709.3,709.08
2026-09-10 14:20:00-04:00,46257.922162,709.4945,709.275,709.56,709.64,709.275
2026-09-10 14:21:00-04:00,32847.381995,709.5371,709.57,709.505,709.62,709.48
2026-09-10 14:22:00-04:00,25352.750491,709.6397,709.49,709.66,709.71,709.49
2026-09-10 14:23:00-04:00,31936.753495,709.5424,709.66,709.55,709.6601,709.45
2026-09-10 14:24:00-04:00,28192.548177,709.4494,709.54,709.4199,709.57,709.41
2026-09-10 14:25:00-04:00,29751.465131,709.3838,709.42,709.245,709.53,709.245
2026-09-10 14:26:00-04:00,46197.524842,709.2141,709.25,709.099,709.32,709.08
2026-09-10 14:27:00-04:00,35606.550473,709.1533,709.1,709.12,709.18,709.09
2026-09-10 14:28:00-04:00,34157.176032,709.321,709.12,709.35,709.43,709.12
2026-09-10 14:29:00-04:00,18254.544744,709.2501,709.32,709.2099,709.32,709.17
2026-09-10 14:30:00-04:00,47678.517809,709.0846,709.18,709.1,709.18,709.02
2026-09-10 14:31:00-04:00,22942.735052,709.1218,709.1,709.2,709.2,709.085
2026-09-10 14:32:00-04:00,17155.0552,709.1278,709.21,709.11,709.21,709.05
2026-09-10 14:33:00-04:00,31470.1675,709.0527,709.09,709.02,709.14,708.96
2026-09-10 14:34:00-04:00,65725.967028,709.1638,709.0,709.3401,709.37,708.9213
2026-09-10 14:35:00-04:00,36185.867006,709.3013,709.34,709.42,709.42,709.17
2026-09-10 14:36:00-04:00,40736.205599,709.4043,709.39,709.4394,709.4699,709.33
2026-09-10 14:37:00-04:00,52806.181782,709.3698,709.36,709.35,709.41,709.29
2026-09-10 14:38:00-04:00,18416.343075,709.3529,709.355,709.48,709.4999,709.255
2026-09-10 14:39:00-04:00,57382.45962,709.5261,709.47,709.605,709.62,709.39
2026-09-10 14:40:00-04:00,25623.337875,709.5387,709.61,709.51,709.62,709.48
2026-09-10 14:41:00-04:00,24930.092736,709.4927,709.5,709.48,709.6,709.425
2026-09-10 14:42:00-04:00,20515.595442,709.4868,709.47,709.48,709.53,709.44
2026-09-10 14:43:00-04:00,27077.527081,709.487,709.49,709.4901,709.6,709.38
2026-09-10 14:44:00-04:00,16244.475607,709.571,709.5,709.55,709.61,709.5
2026-09-10 14:45:00-04:00,34162.030427,709.4395,709.54,709.4,709.58,709.365
2026-09-10 14:46:00-04:00,53255.49381,709.4734,709.43,709.38,709.535,709.32
2026-09-10 14:47:00-04:00,9604.692777,709.3457,709.389,709.3251,709.389,709.31
2026-09-10 14:48:00-04:00,37915.406708,709.1242,709.33,709.14,709.3351,709.0101
2026-09-10 14:49:00-04:00,58832.059622,709.4795,709.17,709.4,709.8291,709.16
2026-09-10 14:50:00-04:00,64031.046641,709.1656,709.4,709.53,709.53,709.13
2026-09-10 14:51:00-04:00,86371.08424,709.8322,709.51,709.94,710.18,709.455
2026-09-10 14:52:00-04:00,413473.056128,712.9009,709.92,710.11,710.18,709.82
2026-09-10 14:53:00-04:00,33736.185247,710.0163,710.09,710.02,710.16,709.86
2026-09-10 14:54:00-04:00,24850.004757,709.9006,709.99,709.77,710.065,709.73
2026-09-10 14:55:00-04:00,57278.883853,709.8059,709.77,709.924,709.9263,709.73
2026-09-10 14:56:00-04:00,39109.132564,709.8782,709.906,709.79,709.9663,709.79
2026-09-10 14:57:00-04:00,33747.582259,709.6598,709.7746,709.63,709.79,709.51
2026-09-10 14:58:00-04:00,28790.840929,709.5032,709.6,709.54,709.63,709.42
2026-09-10 14:59:00-04:00,16051.019122,709.5996,709.525,709.575,709.66,709.525
2026-09-10 15:00:00-04:00,58147.301101,709.468,709.57,709.44,709.61,709.33
2026-09-10 15:01:00-04:00,57074.719288,709.4085,709.45,709.21,709.53,709.21
2026-09-10 15:02:00-04:00,96310.371893,709.2619,709.21,709.177,709.31,709.15
2026-09-10 15:03:00-04:00,37121.956911,709.1507,709.16,709.2791,709.31,709.05
2026-09-10 15:04:00-04:00,31459.163972,709.1773,709.27,709.0326,709.315,709.03
2026-09-10 15:05:00-04:00,29124.951769,709.0639,709.05,709.0725,709.128,709.02
2026-09-10 15:06:00-04:00,60779.650709,709.0723,709.075,709.0601,709.19,708.945
2026-09-10 15:07:00-04:00,59240.575725,709.0396,709.0625,708.845,709.19,708.82
2026-09-10 15:08:00-04:00,30286.198329,708.8917,708.85,708.805,709.0,708.79
2026-09-10 15:09:00-04:00,86322.446543,709.1076,708.815,709.37,709.401,708.8
2026-09-10 15:10:00-04:00,41614.039401,709.3079,709.345,709.125,709.4299,709.08
2026-09-10 15:11:00-04:00,42686.360432,709.0102,709.11,708.875,709.1599,708.8
2026-09-10 15:12:00-04:00,29799.297142,708.979,708.87,709.06,709.15,708.84
2026-09-10 15:13:00-04:00,34386.291962,709.132,709.05,709.0948,709.22,709.05
2026-09-10 15:14:00-04:00,24909.547852,709.114,709.07,709.1386,709.18,709.01
2026-09-10 15:15:00-04:00,26328.873907,709.1904,709.135,709.12,709.325,709.07
2026-09-10 15:16:00-04:00,29731.95011,709.0473,709.1,709.0,709.14,708.995
2026-09-10 15:17:00-04:00,35295.924272,708.9586,709.0,708.81,709.13,708.78
2026-09-10 15:18:00-04:00,39132.27463,708.7709,708.805,708.79,708.86,708.67
2026-09-10 15:19:00-04:00,43782.246922,708.7591,708.795,708.84,708.84,708.7
2026-09-10 15:20:00-04:00,38155.546193,708.8753,708.82,708.785,709.0,708.74
2026-09-10 15:21:00-04:00,30154.553929,708.7778,708.8,708.84,708.86,708.74
2026-09-10 15:22:00-04:00,51706.317638,708.8963,708.86,708.905,708.95,708.85
2026-09-10 15:23:00-04:00,28229.347696,708.8182,708.9,708.72,708.93,708.71
2026-09-10 15:24:00-04:00,62942.84327,708.8953,708.705,709.09,709.13,708.69
2026-09-10 15:25:00-04:00,38900.138404,709.126,709.085,709.03,709.23,709.02
2026-09-10 15:26:00-04:00,44011.896486,709.0666,709.03,709.05,709.1381,709.02
2026-09-10 15:27:00-04:00,35688.015081,709.1179,709.06,709.2,709.225,709.05
2026-09-10 15:28:00-04:00,63673.185903,709.1678,709.19,709.235,709.27,709.075
2026-09-10 15:29:00-04:00,32861.488656,709.2073,709.2,709.18,709.29,709.14
2026-09-10 15:30:00-04:00,92844.471299,709.092,709.17,708.97,709.24,708.97
2026-09-10 15:31:00-04:00,57270.204615,708.9403,708.935,709.07,709.12,708.83
2026-09-10 15:32:00-04:00,176793.566326,709.0553,709.06,709.06,709.17,709.01
2026-09-10 15:33:00-04:00,45996.031061,709.1038,709.06,709.145,709.2,709.01
2026-09-10 15:34:00-04:00,57803.681595,709.2421,709.14,709.2826,709.35,709.14
2026-09-10 15:35:00-04:00,119825.267066,709.0986,709.27,708.98,709.3,708.98
2026-09-10 15:36:00-04:00,38060.589602,709.1215,708.99,709.09,709.18,708.98
2026-09-10 15:37:00-04:00,49428.269496,708.9706,709.11,708.96,709.12,708.83
2026-09-10 15:38:00-04:00,66516.988575,709.0122,708.94,709.19,709.23,708.88
2026-09-10 15:39:00-04:00,57753.654128,709.2099,709.17,709.17,709.32,709.11
2026-09-10 15:40:00-04:00,34215.880184,709.2487,709.175,709.17,709.34,709.14
2026-09-10 15:41:00-04:00,31604.336305,709.1708,709.18,709.2,709.27,709.09
2026-09-10 15:42:00-04:00,44623.134436,709.2606,709.18,709.33,709.33,709.18
2026-09-10 15:43:00-04:00,63012.535206,709.3529,709.335,709.41,709.43,709.25
2026-09-10 15:44:00-04:00,78253.786135,709.2559,709.39,709.135,709.4,709.1
2026-09-10 15:45:00-04:00,82096.070218,709.2191,709.135,709.33,709.35,709.1
2026-09-10 15:46:00-04:00,65201.797645,709.1923,709.32,709.0,709.34,709.0
2026-09-10 15:47:00-04:00,133031.710813,709.0842,709.0016,709.06,709.17,708.89
2026-09-10 15:48:00-04:00,61365.935079,708.9964,709.06,708.95,709.1,708.89
2026-09-10 15:49:00-04:00,46090.296603,709.0932,708.95,709.18,709.22,708.93
2026-09-10 15:50:00-04:00,118901.397468,709.0295,709.17,708.83,709.41,708.82
2026-09-10 15:51:00-04:00,130865.492588,708.7361,708.82,708.73,708.85,708.585
2026-09-10 15:52:00-04:00,156879.946693,708.5651,708.71,708.44,708.72,708.41
2026-09-10 15:53:00-04:00,154312.735273,708.4541,708.44,708.61,708.64,708.28
2026-09-10 15:54:00-04:00,199465.339543,708.5424,708.63,708.61,708.7,708.32
2026-09-10 15:55:00-04:00,151002.577146,708.651,708.6,708.66,708.86,708.52
2026-09-10 15:56:00-04:00,116741.434883,708.5678,708.66,708.54,708.705,708.4601
2026-09-10 15:57:00-04:00,171408.312276,708.5174,708.56,708.625,708.695,708.42
2026-09-10 15:58:00-04:00,190702.448386,708.6182,708.62,708.64,708.71,708.535
2026-09-10 15:59:00-04:00,501435.438004,708.556,708.65,708.63,708.78,708.35
